set,method,concept,precision,recall,f1,said_fraction,found,found_and_unsaid,n_label
English v3 (16),J-lens,Sweden,0.09375,0.5,0.15789473684210525,0.03125,True,False,6
English v3 (16),plain lens,Sweden,0.0,0.0,0.0,0.03125,False,False,6
English v3 (16),end-pass J-lens,Sweden,0.09375,0.5,0.15789473684210525,0.0,True,True,6
English v3 (16),end-pass plain24,Sweden,0.0,0.0,0.0,0.0,False,False,6
English v3 (16),end-pass plain27,Sweden,0.125,0.6666666666666666,0.21052631578947367,0.0,True,True,6
English v3 (16),end-pass erased1 J-lens,Sweden,0.03125,0.16666666666666666,0.05263157894736842,0.0,True,True,6
English v3 (16),end-pass erased0.5 J-lens,Sweden,0.0625,0.3333333333333333,0.10526315789473684,0.0,True,True,6
English v3 (16),end-pass erased1 plain24,Sweden,0.0,0.0,0.0,0.0,False,False,6
English v3 (16),end-pass erased0.5 plain24,Sweden,0.0,0.0,0.0,0.0,False,False,6
English v3 (16),end-pass erased1 plain27,Sweden,0.0625,0.3333333333333333,0.10526315789473684,0.0,True,True,6
English v3 (16),end-pass erased0.5 plain27,Sweden,0.125,0.6666666666666666,0.21052631578947367,0.0,True,True,6
English v3 (16),J-lens,Finland,0.03125,0.09090909090909091,0.046511627906976744,0.03125,True,False,11
English v3 (16),plain lens,Finland,0.0,0.0,0.0,0.0,False,False,11
English v3 (16),end-pass J-lens,Finland,0.03125,0.09090909090909091,0.046511627906976744,0.0,True,True,11
English v3 (16),end-pass plain24,Finland,0.0,0.0,0.0,0.0,False,False,11
English v3 (16),end-pass plain27,Finland,0.28125,0.8181818181818182,0.41860465116279066,0.0,True,True,11
English v3 (16),end-pass erased1 J-lens,Finland,0.03125,0.09090909090909091,0.046511627906976744,0.0,True,True,11
English v3 (16),end-pass erased0.5 J-lens,Finland,0.03125,0.09090909090909091,0.046511627906976744,0.0,True,True,11
English v3 (16),end-pass erased1 plain24,Finland,0.0,0.0,0.0,0.0,False,False,11
English v3 (16),end-pass erased0.5 plain24,Finland,0.0,0.0,0.0,0.0,False,False,11
English v3 (16),end-pass erased1 plain27,Finland,0.28125,0.8181818181818182,0.41860465116279066,0.0,True,True,11
English v3 (16),end-pass erased0.5 plain27,Finland,0.28125,0.8181818181818182,0.41860465116279066,0.0,True,True,11
English v3 (16),J-lens,Denmark,0.0625,0.13333333333333333,0.0851063829787234,0.03125,True,False,15
English v3 (16),plain lens,Denmark,0.0,0.0,0.0,0.0,False,False,15
English v3 (16),end-pass J-lens,Denmark,0.0625,0.13333333333333333,0.0851063829787234,0.0,True,True,15
English v3 (16),end-pass plain24,Denmark,0.0,0.0,0.0,0.0,False,False,15
English v3 (16),end-pass plain27,Denmark,0.03125,0.06666666666666667,0.0425531914893617,0.03125,True,False,15
English v3 (16),end-pass erased1 J-lens,Denmark,0.03125,0.06666666666666667,0.0425531914893617,0.0,True,True,15
English v3 (16),end-pass erased0.5 J-lens,Denmark,0.03125,0.06666666666666667,0.0425531914893617,0.0,True,True,15
English v3 (16),end-pass erased1 plain24,Denmark,0.0,0.0,0.0,0.0,False,False,15
English v3 (16),end-pass erased0.5 plain24,Denmark,0.0,0.0,0.0,0.0,False,False,15
English v3 (16),end-pass erased1 plain27,Denmark,0.03125,0.06666666666666667,0.0425531914893617,0.0,True,True,15
English v3 (16),end-pass erased0.5 plain27,Denmark,0.03125,0.06666666666666667,0.0425531914893617,0.03125,True,False,15
English v3 (16),J-lens,Netherlands,0.03125,0.05,0.038461538461538464,0.03125,True,False,20
English v3 (16),plain lens,Netherlands,0.0,0.0,0.0,0.0,False,False,20
English v3 (16),end-pass J-lens,Netherlands,0.03125,0.05,0.038461538461538464,0.0,True,True,20
English v3 (16),end-pass plain24,Netherlands,0.0,0.0,0.0,0.0,False,False,20
English v3 (16),end-pass plain27,Netherlands,0.09375,0.15,0.11538461538461538,0.03125,True,False,20
English v3 (16),end-pass erased1 J-lens,Netherlands,0.0,0.0,0.0,0.0,False,False,20
English v3 (16),end-pass erased0.5 J-lens,Netherlands,0.03125,0.05,0.038461538461538464,0.0,True,True,20
English v3 (16),end-pass erased1 plain24,Netherlands,0.0,0.0,0.0,0.0,False,False,20
English v3 (16),end-pass erased0.5 plain24,Netherlands,0.0,0.0,0.0,0.0,False,False,20
English v3 (16),end-pass erased1 plain27,Netherlands,0.03125,0.05,0.038461538461538464,0.0,True,True,20
English v3 (16),end-pass erased0.5 plain27,Netherlands,0.09375,0.15,0.11538461538461538,0.0,True,True,20
English v3 (16),J-lens,Switzerland,0.03125,0.5,0.058823529411764705,0.0,True,True,2
English v3 (16),plain lens,Switzerland,0.0,0.0,0.0,0.0,False,False,2
English v3 (16),end-pass J-lens,Switzerland,0.03125,0.5,0.058823529411764705,0.0,True,True,2
English v3 (16),end-pass plain24,Switzerland,0.0,0.0,0.0,0.0,False,False,2
English v3 (16),end-pass plain27,Switzerland,0.03125,0.5,0.058823529411764705,0.0,True,True,2
English v3 (16),end-pass erased1 J-lens,Switzerland,0.03125,0.5,0.058823529411764705,0.0,True,True,2
English v3 (16),end-pass erased0.5 J-lens,Switzerland,0.03125,0.5,0.058823529411764705,0.0,True,True,2
English v3 (16),end-pass erased1 plain24,Switzerland,0.0,0.0,0.0,0.0,False,False,2
English v3 (16),end-pass erased0.5 plain24,Switzerland,0.0,0.0,0.0,0.0,False,False,2
English v3 (16),end-pass erased1 plain27,Switzerland,0.0,0.0,0.0,0.0,False,False,2
English v3 (16),end-pass erased0.5 plain27,Switzerland,0.0,0.0,0.0,0.0,False,False,2
English v3 (16),J-lens,Italy,0.03125,0.047619047619047616,0.03773584905660377,0.03125,True,False,21
English v3 (16),plain lens,Italy,0.0,0.0,0.0,0.03125,False,False,21
English v3 (16),end-pass J-lens,Italy,0.03125,0.047619047619047616,0.03773584905660377,0.0,True,True,21
English v3 (16),end-pass plain24,Italy,0.0,0.0,0.0,0.0,False,False,21
English v3 (16),end-pass plain27,Italy,0.0,0.0,0.0,0.03125,False,False,21
English v3 (16),end-pass erased1 J-lens,Italy,0.03125,0.047619047619047616,0.03773584905660377,0.0,True,True,21
English v3 (16),end-pass erased0.5 J-lens,Italy,0.03125,0.047619047619047616,0.03773584905660377,0.0,True,True,21
English v3 (16),end-pass erased1 plain24,Italy,0.0,0.0,0.0,0.0,False,False,21
English v3 (16),end-pass erased0.5 plain24,Italy,0.0,0.0,0.0,0.0,False,False,21
English v3 (16),end-pass erased1 plain27,Italy,0.0,0.0,0.0,0.0,False,False,21
English v3 (16),end-pass erased0.5 plain27,Italy,0.0,0.0,0.0,0.0,False,False,21
English v3 (16),J-lens,Peru,0.03125,0.125,0.05,0.03125,True,False,8
English v3 (16),plain lens,Peru,0.0,0.0,0.0,0.03125,False,False,8
English v3 (16),end-pass J-lens,Peru,0.03125,0.125,0.05,0.0,True,True,8
English v3 (16),end-pass plain24,Peru,0.0,0.0,0.0,0.0,False,False,8
English v3 (16),end-pass plain27,Peru,0.0,0.0,0.0,0.0,False,False,8
English v3 (16),end-pass erased1 J-lens,Peru,0.0,0.0,0.0,0.0,False,False,8
English v3 (16),end-pass erased0.5 J-lens,Peru,0.03125,0.125,0.05,0.0,True,True,8
English v3 (16),end-pass erased1 plain24,Peru,0.0,0.0,0.0,0.0,False,False,8
English v3 (16),end-pass erased0.5 plain24,Peru,0.0,0.0,0.0,0.0,False,False,8
English v3 (16),end-pass erased1 plain27,Peru,0.0,0.0,0.0,0.0,False,False,8
English v3 (16),end-pass erased0.5 plain27,Peru,0.0,0.0,0.0,0.0,False,False,8
English v3 (16),J-lens,Chile,0.03125,0.1111111111111111,0.04878048780487805,0.03125,True,False,9
English v3 (16),plain lens,Chile,0.0,0.0,0.0,0.0,False,False,9
English v3 (16),end-pass J-lens,Chile,0.03125,0.1111111111111111,0.04878048780487805,0.0,True,True,9
English v3 (16),end-pass plain24,Chile,0.0,0.0,0.0,0.0,False,False,9
English v3 (16),end-pass plain27,Chile,0.03125,0.1111111111111111,0.04878048780487805,0.0,True,True,9
English v3 (16),end-pass erased1 J-lens,Chile,0.0,0.0,0.0,0.0,False,False,9
English v3 (16),end-pass erased0.5 J-lens,Chile,0.0,0.0,0.0,0.0,False,False,9
English v3 (16),end-pass erased1 plain24,Chile,0.0,0.0,0.0,0.0,False,False,9
English v3 (16),end-pass erased0.5 plain24,Chile,0.0,0.0,0.0,0.0,False,False,9
English v3 (16),end-pass erased1 plain27,Chile,0.0,0.0,0.0,0.0,False,False,9
English v3 (16),end-pass erased0.5 plain27,Chile,0.0,0.0,0.0,0.0,False,False,9
English v3 (16),J-lens,whale,0.0625,0.6666666666666666,0.11428571428571428,0.0,True,True,3
English v3 (16),plain lens,whale,0.0,0.0,0.0,0.0,False,False,3
English v3 (16),end-pass J-lens,whale,0.0625,0.6666666666666666,0.11428571428571428,0.0,True,True,3
English v3 (16),end-pass plain24,whale,0.0,0.0,0.0,0.0,False,False,3
English v3 (16),end-pass plain27,whale,0.0,0.0,0.0,0.0,False,False,3
English v3 (16),end-pass erased1 J-lens,whale,0.0625,0.6666666666666666,0.11428571428571428,0.0,True,True,3
English v3 (16),end-pass erased0.5 J-lens,whale,0.0625,0.6666666666666666,0.11428571428571428,0.0,True,True,3
English v3 (16),end-pass erased1 plain24,whale,0.0,0.0,0.0,0.0,False,False,3
English v3 (16),end-pass erased0.5 plain24,whale,0.0,0.0,0.0,0.0,False,False,3
English v3 (16),end-pass erased1 plain27,whale,0.0,0.0,0.0,0.0,False,False,3
English v3 (16),end-pass erased0.5 plain27,whale,0.0,0.0,0.0,0.0,False,False,3
English v3 (16),J-lens,bat,0.0,0.0,0.0,0.0625,False,False,7
English v3 (16),plain lens,bat,0.0,0.0,0.0,0.0625,False,False,7
English v3 (16),end-pass J-lens,bat,0.0,0.0,0.0,0.0,False,False,7
English v3 (16),end-pass plain24,bat,0.0,0.0,0.0,0.0,False,False,7
English v3 (16),end-pass plain27,bat,0.0,0.0,0.0,0.0,False,False,7
English v3 (16),end-pass erased1 J-lens,bat,0.0,0.0,0.0,0.0,False,False,7
English v3 (16),end-pass erased0.5 J-lens,bat,0.0,0.0,0.0,0.0,False,False,7
English v3 (16),end-pass erased1 plain24,bat,0.0,0.0,0.0,0.0,False,False,7
English v3 (16),end-pass erased0.5 plain24,bat,0.0,0.0,0.0,0.0,False,False,7
English v3 (16),end-pass erased1 plain27,bat,0.0,0.0,0.0,0.0,False,False,7
English v3 (16),end-pass erased0.5 plain27,bat,0.0,0.0,0.0,0.0,False,False,7
English v3 (16),J-lens,snake,0.03125,0.06666666666666667,0.0425531914893617,0.0,True,True,15
English v3 (16),plain lens,snake,0.0,0.0,0.0,0.0,False,False,15
English v3 (16),end-pass J-lens,snake,0.03125,0.06666666666666667,0.0425531914893617,0.0,True,True,15
English v3 (16),end-pass plain24,snake,0.0,0.0,0.0,0.0,False,False,15
English v3 (16),end-pass plain27,snake,0.0625,0.13333333333333333,0.0851063829787234,0.0,True,True,15
English v3 (16),end-pass erased1 J-lens,snake,0.03125,0.06666666666666667,0.0425531914893617,0.0,True,True,15
English v3 (16),end-pass erased0.5 J-lens,snake,0.03125,0.06666666666666667,0.0425531914893617,0.0,True,True,15
English v3 (16),end-pass erased1 plain24,snake,0.0,0.0,0.0,0.0,False,False,15
English v3 (16),end-pass erased0.5 plain24,snake,0.0,0.0,0.0,0.0,False,False,15
English v3 (16),end-pass erased1 plain27,snake,0.0625,0.13333333333333333,0.0851063829787234,0.0,True,True,15
English v3 (16),end-pass erased0.5 plain27,snake,0.0625,0.13333333333333333,0.0851063829787234,0.0,True,True,15
English v3 (16),J-lens,rabbit,0.0,0.0,0.0,0.09375,False,False,13
English v3 (16),plain lens,rabbit,0.0,0.0,0.0,0.03125,False,False,13
English v3 (16),end-pass J-lens,rabbit,0.0,0.0,0.0,0.03125,False,False,13
English v3 (16),end-pass plain24,rabbit,0.0,0.0,0.0,0.0,False,False,13
English v3 (16),end-pass plain27,rabbit,0.0,0.0,0.0,0.0,False,False,13
English v3 (16),end-pass erased1 J-lens,rabbit,0.0,0.0,0.0,0.0,False,False,13
English v3 (16),end-pass erased0.5 J-lens,rabbit,0.0,0.0,0.0,0.0,False,False,13
English v3 (16),end-pass erased1 plain24,rabbit,0.0,0.0,0.0,0.0,False,False,13
English v3 (16),end-pass erased0.5 plain24,rabbit,0.0,0.0,0.0,0.0,False,False,13
English v3 (16),end-pass erased1 plain27,rabbit,0.0,0.0,0.0,0.0,False,False,13
English v3 (16),end-pass erased0.5 plain27,rabbit,0.0,0.0,0.0,0.0,False,False,13
English v3 (16),J-lens,bear,0.0,0.0,0.0,0.09375,False,False,7
English v3 (16),plain lens,bear,0.03125,0.14285714285714285,0.05128205128205128,0.03125,True,False,7
English v3 (16),end-pass J-lens,bear,0.0,0.0,0.0,0.03125,False,False,7
English v3 (16),end-pass plain24,bear,0.03125,0.14285714285714285,0.05128205128205128,0.0,True,True,7
English v3 (16),end-pass plain27,bear,0.125,0.5714285714285714,0.20512820512820512,0.03125,True,False,7
English v3 (16),end-pass erased1 J-lens,bear,0.03125,0.14285714285714285,0.05128205128205128,0.0,True,True,7
English v3 (16),end-pass erased0.5 J-lens,bear,0.0,0.0,0.0,0.0,False,False,7
English v3 (16),end-pass erased1 plain24,bear,0.03125,0.14285714285714285,0.05128205128205128,0.0,True,True,7
English v3 (16),end-pass erased0.5 plain24,bear,0.03125,0.14285714285714285,0.05128205128205128,0.0,True,True,7
English v3 (16),end-pass erased1 plain27,bear,0.09375,0.42857142857142855,0.15384615384615383,0.0,True,True,7
English v3 (16),end-pass erased0.5 plain27,bear,0.09375,0.42857142857142855,0.15384615384615383,0.03125,True,False,7
English v3 (16),J-lens,butterfly,0.0625,0.15384615384615385,0.08888888888888889,0.0,True,True,13
English v3 (16),plain lens,butterfly,0.0,0.0,0.0,0.0,False,False,13
English v3 (16),end-pass J-lens,butterfly,0.0625,0.15384615384615385,0.08888888888888889,0.0,True,True,13
English v3 (16),end-pass plain24,butterfly,0.0,0.0,0.0,0.0,False,False,13
English v3 (16),end-pass plain27,butterfly,0.0,0.0,0.0,0.0,False,False,13
English v3 (16),end-pass erased1 J-lens,butterfly,0.0625,0.15384615384615385,0.08888888888888889,0.0,True,True,13
English v3 (16),end-pass erased0.5 J-lens,butterfly,0.0625,0.15384615384615385,0.08888888888888889,0.0,True,True,13
English v3 (16),end-pass erased1 plain24,butterfly,0.0,0.0,0.0,0.0,False,False,13
English v3 (16),end-pass erased0.5 plain24,butterfly,0.0,0.0,0.0,0.0,False,False,13
English v3 (16),end-pass erased1 plain27,butterfly,0.0,0.0,0.0,0.0,False,False,13
English v3 (16),end-pass erased0.5 plain27,butterfly,0.0,0.0,0.0,0.0,False,False,13
English v3 (16),J-lens,beetle,0.0,0.0,0.0,0.0,False,False,12
English v3 (16),plain lens,beetle,0.0,0.0,0.0,0.0,False,False,12
English v3 (16),end-pass J-lens,beetle,0.0,0.0,0.0,0.0,False,False,12
English v3 (16),end-pass plain24,beetle,0.0,0.0,0.0,0.0,False,False,12
English v3 (16),end-pass plain27,beetle,0.0,0.0,0.0,0.0,False,False,12
English v3 (16),end-pass erased1 J-lens,beetle,0.0,0.0,0.0,0.0,False,False,12
English v3 (16),end-pass erased0.5 J-lens,beetle,0.0,0.0,0.0,0.0,False,False,12
English v3 (16),end-pass erased1 plain24,beetle,0.0,0.0,0.0,0.0,False,False,12
English v3 (16),end-pass erased0.5 plain24,beetle,0.0,0.0,0.0,0.0,False,False,12
English v3 (16),end-pass erased1 plain27,beetle,0.0,0.0,0.0,0.0,False,False,12
English v3 (16),end-pass erased0.5 plain27,beetle,0.0,0.0,0.0,0.0,False,False,12
English v3 (16),J-lens,crab,0.0,0.0,0.0,0.0,False,False,5
English v3 (16),plain lens,crab,0.0,0.0,0.0,0.0,False,False,5
English v3 (16),end-pass J-lens,crab,0.0,0.0,0.0,0.0,False,False,5
English v3 (16),end-pass plain24,crab,0.0,0.0,0.0,0.0,False,False,5
English v3 (16),end-pass plain27,crab,0.0,0.0,0.0,0.0,False,False,5
English v3 (16),end-pass erased1 J-lens,crab,0.0,0.0,0.0,0.0,False,False,5
English v3 (16),end-pass erased0.5 J-lens,crab,0.0,0.0,0.0,0.0,False,False,5
English v3 (16),end-pass erased1 plain24,crab,0.0,0.0,0.0,0.0,False,False,5
English v3 (16),end-pass erased0.5 plain24,crab,0.0,0.0,0.0,0.0,False,False,5
English v3 (16),end-pass erased1 plain27,crab,0.0,0.0,0.0,0.0,False,False,5
English v3 (16),end-pass erased0.5 plain27,crab,0.0,0.0,0.0,0.0,False,False,5
English v3 (16),rise-and-fall,Sweden,0.0,0.0,0.0,0.0,False,False,6
English v3 (16),rise-and-fall masked,Sweden,0.0,0.0,0.0,0.0,False,False,6
English v3 (16),rise-and-fall,Finland,0.0,0.0,0.0,0.0,False,False,11
English v3 (16),rise-and-fall masked,Finland,0.0,0.0,0.0,0.0,False,False,11
English v3 (16),rise-and-fall,Denmark,0.0,0.0,0.0,0.0,False,False,15
English v3 (16),rise-and-fall masked,Denmark,0.0,0.0,0.0,0.0,False,False,15
English v3 (16),rise-and-fall,Netherlands,0.0,0.0,0.0,0.0,False,False,20
English v3 (16),rise-and-fall masked,Netherlands,0.0,0.0,0.0,0.0,False,False,20
English v3 (16),rise-and-fall,Switzerland,0.0,0.0,0.0,0.0,False,False,2
English v3 (16),rise-and-fall masked,Switzerland,0.0,0.0,0.0,0.0,False,False,2
English v3 (16),rise-and-fall,Italy,0.0,0.0,0.0,0.0,False,False,21
English v3 (16),rise-and-fall masked,Italy,0.0,0.0,0.0,0.0,False,False,21
English v3 (16),rise-and-fall,Peru,0.0,0.0,0.0,0.0,False,False,8
English v3 (16),rise-and-fall masked,Peru,0.0,0.0,0.0,0.0,False,False,8
English v3 (16),rise-and-fall,Chile,0.0,0.0,0.0,0.0,False,False,9
English v3 (16),rise-and-fall masked,Chile,0.0,0.0,0.0,0.0,False,False,9
English v3 (16),rise-and-fall,whale,0.0,0.0,0.0,0.0,False,False,3
English v3 (16),rise-and-fall masked,whale,0.0,0.0,0.0,0.0,False,False,3
English v3 (16),rise-and-fall,bat,0.0,0.0,0.0,0.0,False,False,7
English v3 (16),rise-and-fall masked,bat,0.0,0.0,0.0,0.0,False,False,7
English v3 (16),rise-and-fall,snake,0.0,0.0,0.0,0.0,False,False,15
English v3 (16),rise-and-fall masked,snake,0.0,0.0,0.0,0.0,False,False,15
English v3 (16),rise-and-fall,rabbit,0.0,0.0,0.0,0.0,False,False,13
English v3 (16),rise-and-fall masked,rabbit,0.0,0.0,0.0,0.0,False,False,13
English v3 (16),rise-and-fall,bear,0.0,0.0,0.0,0.03125,False,False,7
English v3 (16),rise-and-fall masked,bear,0.0,0.0,0.0,0.0,False,False,7
English v3 (16),rise-and-fall,butterfly,0.0,0.0,0.0,0.0,False,False,13
English v3 (16),rise-and-fall masked,butterfly,0.0,0.0,0.0,0.0,False,False,13
English v3 (16),rise-and-fall,beetle,0.0,0.0,0.0,0.0,False,False,12
English v3 (16),rise-and-fall masked,beetle,0.0,0.0,0.0,0.0,False,False,12
English v3 (16),rise-and-fall,crab,0.0,0.0,0.0,0.0,False,False,5
English v3 (16),rise-and-fall masked,crab,0.0,0.0,0.0,0.0,False,False,5
English v4 non-geography (8),J-lens,December,0.0625,0.2,0.09523809523809523,0.0625,True,False,10
English v4 non-geography (8),plain lens,December,0.0,0.0,0.0,0.0,False,False,10
English v4 non-geography (8),end-pass J-lens,December,0.0625,0.2,0.09523809523809523,0.0,True,True,10
English v4 non-geography (8),end-pass plain24,December,0.0,0.0,0.0,0.0,False,False,10
English v4 non-geography (8),end-pass plain27,December,0.09375,0.3,0.14285714285714285,0.0,True,True,10
English v4 non-geography (8),end-pass erased1 J-lens,December,0.0,0.0,0.0,0.0,False,False,10
English v4 non-geography (8),end-pass erased0.5 J-lens,December,0.0,0.0,0.0,0.0,False,False,10
English v4 non-geography (8),end-pass erased1 plain24,December,0.0,0.0,0.0,0.0,False,False,10
English v4 non-geography (8),end-pass erased0.5 plain24,December,0.0,0.0,0.0,0.0,False,False,10
English v4 non-geography (8),end-pass erased1 plain27,December,0.0,0.0,0.0,0.0,False,False,10
English v4 non-geography (8),end-pass erased0.5 plain27,December,0.03125,0.1,0.047619047619047616,0.0,True,True,10
English v4 non-geography (8),J-lens,Thursday,0.09375,0.3,0.14285714285714285,0.0625,True,False,10
English v4 non-geography (8),plain lens,Thursday,0.0,0.0,0.0,0.0,False,False,10
English v4 non-geography (8),end-pass J-lens,Thursday,0.09375,0.3,0.14285714285714285,0.0,True,True,10
English v4 non-geography (8),end-pass plain24,Thursday,0.0,0.0,0.0,0.0,False,False,10
English v4 non-geography (8),end-pass plain27,Thursday,0.125,0.4,0.19047619047619047,0.0,True,True,10
English v4 non-geography (8),end-pass erased1 J-lens,Thursday,0.0,0.0,0.0,0.0,False,False,10
English v4 non-geography (8),end-pass erased0.5 J-lens,Thursday,0.0625,0.2,0.09523809523809523,0.0,True,True,10
English v4 non-geography (8),end-pass erased1 plain24,Thursday,0.0,0.0,0.0,0.0,False,False,10
English v4 non-geography (8),end-pass erased0.5 plain24,Thursday,0.0,0.0,0.0,0.0,False,False,10
English v4 non-geography (8),end-pass erased1 plain27,Thursday,0.0625,0.2,0.09523809523809523,0.0,True,True,10
English v4 non-geography (8),end-pass erased0.5 plain27,Thursday,0.09375,0.3,0.14285714285714285,0.0,True,True,10
English v4 non-geography (8),J-lens,autumn,0.0625,0.11764705882352941,0.08163265306122448,0.1875,True,False,17
English v4 non-geography (8),plain lens,autumn,0.0,0.0,0.0,0.03125,False,False,17
English v4 non-geography (8),end-pass J-lens,autumn,0.0625,0.11764705882352941,0.08163265306122448,0.0625,True,False,17
English v4 non-geography (8),end-pass plain24,autumn,0.0,0.0,0.0,0.0,False,False,17
English v4 non-geography (8),end-pass plain27,autumn,0.09375,0.17647058823529413,0.12244897959183672,0.0,True,True,17
English v4 non-geography (8),end-pass erased1 J-lens,autumn,0.0,0.0,0.0,0.0,False,False,17
English v4 non-geography (8),end-pass erased0.5 J-lens,autumn,0.0,0.0,0.0,0.0,False,False,17
English v4 non-geography (8),end-pass erased1 plain24,autumn,0.0,0.0,0.0,0.0,False,False,17
English v4 non-geography (8),end-pass erased0.5 plain24,autumn,0.0,0.0,0.0,0.0,False,False,17
English v4 non-geography (8),end-pass erased1 plain27,autumn,0.0625,0.11764705882352941,0.08163265306122448,0.0,True,True,17
English v4 non-geography (8),end-pass erased0.5 plain27,autumn,0.09375,0.17647058823529413,0.12244897959183672,0.0,True,True,17
English v4 non-geography (8),J-lens,apple,0.03125,0.05555555555555555,0.04,0.09375,True,False,18
English v4 non-geography (8),plain lens,apple,0.0,0.0,0.0,0.03125,False,False,18
English v4 non-geography (8),end-pass J-lens,apple,0.03125,0.05555555555555555,0.04,0.03125,True,False,18
English v4 non-geography (8),end-pass plain24,apple,0.0,0.0,0.0,0.03125,False,False,18
English v4 non-geography (8),end-pass plain27,apple,0.09375,0.16666666666666666,0.12000000000000002,0.0625,True,False,18
English v4 non-geography (8),end-pass erased1 J-lens,apple,0.09375,0.16666666666666666,0.12000000000000002,0.0,True,True,18
English v4 non-geography (8),end-pass erased0.5 J-lens,apple,0.0625,0.1111111111111111,0.08,0.03125,True,False,18
English v4 non-geography (8),end-pass erased1 plain24,apple,0.0,0.0,0.0,0.0,False,False,18
English v4 non-geography (8),end-pass erased0.5 plain24,apple,0.0,0.0,0.0,0.0,False,False,18
English v4 non-geography (8),end-pass erased1 plain27,apple,0.09375,0.16666666666666666,0.12000000000000002,0.0,True,True,18
English v4 non-geography (8),end-pass erased0.5 plain27,apple,0.125,0.2222222222222222,0.16,0.0,True,True,18
English v4 non-geography (8),J-lens,violin,0.03125,0.14285714285714285,0.05128205128205128,0.0,True,True,7
English v4 non-geography (8),plain lens,violin,0.0,0.0,0.0,0.0,False,False,7
English v4 non-geography (8),end-pass J-lens,violin,0.03125,0.14285714285714285,0.05128205128205128,0.0,True,True,7
English v4 non-geography (8),end-pass plain24,violin,0.0,0.0,0.0,0.0,False,False,7
English v4 non-geography (8),end-pass plain27,violin,0.15625,0.7142857142857143,0.25641025641025644,0.0,True,True,7
English v4 non-geography (8),end-pass erased1 J-lens,violin,0.03125,0.14285714285714285,0.05128205128205128,0.0,True,True,7
English v4 non-geography (8),end-pass erased0.5 J-lens,violin,0.03125,0.14285714285714285,0.05128205128205128,0.0,True,True,7
English v4 non-geography (8),end-pass erased1 plain24,violin,0.0,0.0,0.0,0.0,False,False,7
English v4 non-geography (8),end-pass erased0.5 plain24,violin,0.0,0.0,0.0,0.0,False,False,7
English v4 non-geography (8),end-pass erased1 plain27,violin,0.15625,0.7142857142857143,0.25641025641025644,0.0,True,True,7
English v4 non-geography (8),end-pass erased0.5 plain27,violin,0.15625,0.7142857142857143,0.25641025641025644,0.0,True,True,7
English v4 non-geography (8),J-lens,Hamlet,0.0,0.0,0.0,0.125,False,False,6
English v4 non-geography (8),plain lens,Hamlet,0.0,0.0,0.0,0.03125,False,False,6
English v4 non-geography (8),end-pass J-lens,Hamlet,0.0,0.0,0.0,0.09375,False,False,6
English v4 non-geography (8),end-pass plain24,Hamlet,0.0,0.0,0.0,0.03125,False,False,6
English v4 non-geography (8),end-pass plain27,Hamlet,0.0,0.0,0.0,0.125,False,False,6
English v4 non-geography (8),end-pass erased1 J-lens,Hamlet,0.0,0.0,0.0,0.09375,False,False,6
English v4 non-geography (8),end-pass erased0.5 J-lens,Hamlet,0.0,0.0,0.0,0.09375,False,False,6
English v4 non-geography (8),end-pass erased1 plain24,Hamlet,0.0,0.0,0.0,0.03125,False,False,6
English v4 non-geography (8),end-pass erased0.5 plain24,Hamlet,0.0,0.0,0.0,0.03125,False,False,6
English v4 non-geography (8),end-pass erased1 plain27,Hamlet,0.0,0.0,0.0,0.125,False,False,6
English v4 non-geography (8),end-pass erased0.5 plain27,Hamlet,0.0,0.0,0.0,0.125,False,False,6
English v4 non-geography (8),J-lens,hydrogen,0.0,0.0,0.0,0.09375,False,False,9
English v4 non-geography (8),plain lens,hydrogen,0.0,0.0,0.0,0.0,False,False,9
English v4 non-geography (8),end-pass J-lens,hydrogen,0.0,0.0,0.0,0.09375,False,False,9
English v4 non-geography (8),end-pass plain24,hydrogen,0.0,0.0,0.0,0.0,False,False,9
English v4 non-geography (8),end-pass plain27,hydrogen,0.0,0.0,0.0,0.1875,False,False,9
English v4 non-geography (8),end-pass erased1 J-lens,hydrogen,0.0,0.0,0.0,0.03125,False,False,9
English v4 non-geography (8),end-pass erased0.5 J-lens,hydrogen,0.0,0.0,0.0,0.09375,False,False,9
English v4 non-geography (8),end-pass erased1 plain24,hydrogen,0.0,0.0,0.0,0.0,False,False,9
English v4 non-geography (8),end-pass erased0.5 plain24,hydrogen,0.0,0.0,0.0,0.0,False,False,9
English v4 non-geography (8),end-pass erased1 plain27,hydrogen,0.0,0.0,0.0,0.1875,False,False,9
English v4 non-geography (8),end-pass erased0.5 plain27,hydrogen,0.0,0.0,0.0,0.1875,False,False,9
English v4 non-geography (8),J-lens,triangle,0.15625,0.3333333333333333,0.2127659574468085,0.0,True,True,15
English v4 non-geography (8),plain lens,triangle,0.03125,0.06666666666666667,0.0425531914893617,0.0,True,True,15
English v4 non-geography (8),end-pass J-lens,triangle,0.15625,0.3333333333333333,0.2127659574468085,0.0,True,True,15
English v4 non-geography (8),end-pass plain24,triangle,0.03125,0.06666666666666667,0.0425531914893617,0.0,True,True,15
English v4 non-geography (8),end-pass plain27,triangle,0.15625,0.3333333333333333,0.2127659574468085,0.0,True,True,15
English v4 non-geography (8),end-pass erased1 J-lens,triangle,0.125,0.26666666666666666,0.1702127659574468,0.0,True,True,15
English v4 non-geography (8),end-pass erased0.5 J-lens,triangle,0.15625,0.3333333333333333,0.2127659574468085,0.0,True,True,15
English v4 non-geography (8),end-pass erased1 plain24,triangle,0.03125,0.06666666666666667,0.0425531914893617,0.0,True,True,15
English v4 non-geography (8),end-pass erased0.5 plain24,triangle,0.03125,0.06666666666666667,0.0425531914893617,0.0,True,True,15
English v4 non-geography (8),end-pass erased1 plain27,triangle,0.125,0.26666666666666666,0.1702127659574468,0.0,True,True,15
English v4 non-geography (8),end-pass erased0.5 plain27,triangle,0.15625,0.3333333333333333,0.2127659574468085,0.0,True,True,15
English v4 non-geography (8),rise-and-fall,December,0.0,0.0,0.0,0.0,False,False,10
English v4 non-geography (8),rise-and-fall masked,December,0.0,0.0,0.0,0.0,False,False,10
English v4 non-geography (8),rise-and-fall,Thursday,0.0,0.0,0.0,0.0,False,False,10
English v4 non-geography (8),rise-and-fall masked,Thursday,0.0,0.0,0.0,0.0,False,False,10
English v4 non-geography (8),rise-and-fall,autumn,0.0,0.0,0.0,0.0,False,False,17
English v4 non-geography (8),rise-and-fall masked,autumn,0.0,0.0,0.0,0.0,False,False,17
English v4 non-geography (8),rise-and-fall,apple,0.0,0.0,0.0,0.0,False,False,18
English v4 non-geography (8),rise-and-fall masked,apple,0.0,0.0,0.0,0.0,False,False,18
English v4 non-geography (8),rise-and-fall,violin,0.0,0.0,0.0,0.0,False,False,7
English v4 non-geography (8),rise-and-fall masked,violin,0.0,0.0,0.0,0.0,False,False,7
English v4 non-geography (8),rise-and-fall,Hamlet,0.0,0.0,0.0,0.0,False,False,6
English v4 non-geography (8),rise-and-fall masked,Hamlet,0.0,0.0,0.0,0.0,False,False,6
English v4 non-geography (8),rise-and-fall,hydrogen,0.0,0.0,0.0,0.09375,False,False,9
English v4 non-geography (8),rise-and-fall masked,hydrogen,0.0,0.0,0.0,0.09375,False,False,9
English v4 non-geography (8),rise-and-fall,triangle,0.0,0.0,0.0,0.0,False,False,15
English v4 non-geography (8),rise-and-fall masked,triangle,0.0,0.0,0.0,0.0,False,False,15
translation (48),J-lens,cloud,0.15625,0.5555555555555556,0.24390243902439024,0.0,True,True,9
translation (48),plain lens,cloud,0.15625,0.5555555555555556,0.24390243902439024,0.0,True,True,9
translation (48),end-pass J-lens,cloud,0.15625,0.5555555555555556,0.24390243902439024,0.0,True,True,9
translation (48),end-pass plain24,cloud,0.15625,0.5555555555555556,0.24390243902439024,0.0,True,True,9
translation (48),end-pass plain27,cloud,0.15625,0.5555555555555556,0.24390243902439024,0.0,True,True,9
translation (48),end-pass erased1 J-lens,cloud,0.15625,0.5555555555555556,0.24390243902439024,0.0,True,True,9
translation (48),end-pass erased0.5 J-lens,cloud,0.15625,0.5555555555555556,0.24390243902439024,0.0,True,True,9
translation (48),end-pass erased1 plain24,cloud,0.15625,0.5555555555555556,0.24390243902439024,0.0,True,True,9
translation (48),end-pass erased0.5 plain24,cloud,0.15625,0.5555555555555556,0.24390243902439024,0.0,True,True,9
translation (48),end-pass erased1 plain27,cloud,0.15625,0.5555555555555556,0.24390243902439024,0.0,True,True,9
translation (48),end-pass erased0.5 plain27,cloud,0.15625,0.5555555555555556,0.24390243902439024,0.0,True,True,9
translation (48),J-lens,bag,0.0625,0.3333333333333333,0.10526315789473684,0.0,True,True,6
translation (48),plain lens,bag,0.03125,0.16666666666666666,0.05263157894736842,0.0,True,True,6
translation (48),end-pass J-lens,bag,0.0625,0.3333333333333333,0.10526315789473684,0.0,True,True,6
translation (48),end-pass plain24,bag,0.03125,0.16666666666666666,0.05263157894736842,0.0,True,True,6
translation (48),end-pass plain27,bag,0.15625,0.8333333333333334,0.2631578947368421,0.03125,True,False,6
translation (48),end-pass erased1 J-lens,bag,0.0625,0.3333333333333333,0.10526315789473684,0.0,True,True,6
translation (48),end-pass erased0.5 J-lens,bag,0.0625,0.3333333333333333,0.10526315789473684,0.0,True,True,6
translation (48),end-pass erased1 plain24,bag,0.03125,0.16666666666666666,0.05263157894736842,0.0,True,True,6
translation (48),end-pass erased0.5 plain24,bag,0.03125,0.16666666666666666,0.05263157894736842,0.0,True,True,6
translation (48),end-pass erased1 plain27,bag,0.15625,0.8333333333333334,0.2631578947368421,0.03125,True,False,6
translation (48),end-pass erased0.5 plain27,bag,0.15625,0.8333333333333334,0.2631578947368421,0.03125,True,False,6
translation (48),J-lens,mouth,0.15625,0.8333333333333334,0.2631578947368421,0.03125,True,False,6
translation (48),plain lens,mouth,0.15625,0.8333333333333334,0.2631578947368421,0.0,True,True,6
translation (48),end-pass J-lens,mouth,0.15625,0.8333333333333334,0.2631578947368421,0.0,True,True,6
translation (48),end-pass plain24,mouth,0.15625,0.8333333333333334,0.2631578947368421,0.0,True,True,6
translation (48),end-pass plain27,mouth,0.125,0.6666666666666666,0.21052631578947367,0.0,True,True,6
translation (48),end-pass erased1 J-lens,mouth,0.125,0.6666666666666666,0.21052631578947367,0.0,True,True,6
translation (48),end-pass erased0.5 J-lens,mouth,0.15625,0.8333333333333334,0.2631578947368421,0.0,True,True,6
translation (48),end-pass erased1 plain24,mouth,0.15625,0.8333333333333334,0.2631578947368421,0.0,True,True,6
translation (48),end-pass erased0.5 plain24,mouth,0.15625,0.8333333333333334,0.2631578947368421,0.0,True,True,6
translation (48),end-pass erased1 plain27,mouth,0.125,0.6666666666666666,0.21052631578947367,0.0,True,True,6
translation (48),end-pass erased0.5 plain27,mouth,0.125,0.6666666666666666,0.21052631578947367,0.0,True,True,6
translation (48),J-lens,soil,0.0625,0.4,0.10810810810810811,0.0,True,True,5
translation (48),plain lens,soil,0.09375,0.6,0.16216216216216214,0.0,True,True,5
translation (48),end-pass J-lens,soil,0.0625,0.4,0.10810810810810811,0.0,True,True,5
translation (48),end-pass plain24,soil,0.09375,0.6,0.16216216216216214,0.0,True,True,5
translation (48),end-pass plain27,soil,0.09375,0.6,0.16216216216216214,0.0,True,True,5
translation (48),end-pass erased1 J-lens,soil,0.0625,0.4,0.10810810810810811,0.0,True,True,5
translation (48),end-pass erased0.5 J-lens,soil,0.0625,0.4,0.10810810810810811,0.0,True,True,5
translation (48),end-pass erased1 plain24,soil,0.0625,0.4,0.10810810810810811,0.0,True,True,5
translation (48),end-pass erased0.5 plain24,soil,0.09375,0.6,0.16216216216216214,0.0,True,True,5
translation (48),end-pass erased1 plain27,soil,0.09375,0.6,0.16216216216216214,0.0,True,True,5
translation (48),end-pass erased0.5 plain27,soil,0.09375,0.6,0.16216216216216214,0.0,True,True,5
translation (48),J-lens,mountain,0.1875,0.6,0.2857142857142857,0.03125,True,False,10
translation (48),plain lens,mountain,0.1875,0.6,0.2857142857142857,0.03125,True,False,10
translation (48),end-pass J-lens,mountain,0.1875,0.6,0.2857142857142857,0.0,True,True,10
translation (48),end-pass plain24,mountain,0.1875,0.6,0.2857142857142857,0.0,True,True,10
translation (48),end-pass plain27,mountain,0.21875,0.7,0.3333333333333333,0.0,True,True,10
translation (48),end-pass erased1 J-lens,mountain,0.1875,0.6,0.2857142857142857,0.0,True,True,10
translation (48),end-pass erased0.5 J-lens,mountain,0.1875,0.6,0.2857142857142857,0.0,True,True,10
translation (48),end-pass erased1 plain24,mountain,0.15625,0.5,0.23809523809523808,0.0,True,True,10
translation (48),end-pass erased0.5 plain24,mountain,0.15625,0.5,0.23809523809523808,0.0,True,True,10
translation (48),end-pass erased1 plain27,mountain,0.1875,0.6,0.2857142857142857,0.0,True,True,10
translation (48),end-pass erased0.5 plain27,mountain,0.21875,0.7,0.3333333333333333,0.0,True,True,10
translation (48),J-lens,heart,0.125,0.4444444444444444,0.1951219512195122,0.03125,True,False,9
translation (48),plain lens,heart,0.15625,0.5555555555555556,0.24390243902439024,0.03125,True,False,9
translation (48),end-pass J-lens,heart,0.125,0.4444444444444444,0.1951219512195122,0.03125,True,False,9
translation (48),end-pass plain24,heart,0.15625,0.5555555555555556,0.24390243902439024,0.03125,True,False,9
translation (48),end-pass plain27,heart,0.15625,0.5555555555555556,0.24390243902439024,0.03125,True,False,9
translation (48),end-pass erased1 J-lens,heart,0.125,0.4444444444444444,0.1951219512195122,0.03125,True,False,9
translation (48),end-pass erased0.5 J-lens,heart,0.125,0.4444444444444444,0.1951219512195122,0.03125,True,False,9
translation (48),end-pass erased1 plain24,heart,0.15625,0.5555555555555556,0.24390243902439024,0.03125,True,False,9
translation (48),end-pass erased0.5 plain24,heart,0.15625,0.5555555555555556,0.24390243902439024,0.03125,True,False,9
translation (48),end-pass erased1 plain27,heart,0.15625,0.5555555555555556,0.24390243902439024,0.03125,True,False,9
translation (48),end-pass erased0.5 plain27,heart,0.15625,0.5555555555555556,0.24390243902439024,0.03125,True,False,9
translation (48),J-lens,day,0.1875,0.75,0.3,0.0,True,True,8
translation (48),plain lens,day,0.125,0.5,0.2,0.0,True,True,8
translation (48),end-pass J-lens,day,0.21875,0.875,0.35,0.0,True,True,8
translation (48),end-pass plain24,day,0.125,0.5,0.2,0.0,True,True,8
translation (48),end-pass plain27,day,0.25,1.0,0.4,0.0,True,True,8
translation (48),end-pass erased1 J-lens,day,0.15625,0.625,0.25,0.0,True,True,8
translation (48),end-pass erased0.5 J-lens,day,0.1875,0.75,0.3,0.0,True,True,8
translation (48),end-pass erased1 plain24,day,0.125,0.5,0.2,0.0,True,True,8
translation (48),end-pass erased0.5 plain24,day,0.125,0.5,0.2,0.0,True,True,8
translation (48),end-pass erased1 plain27,day,0.21875,0.875,0.35,0.0,True,True,8
translation (48),end-pass erased0.5 plain27,day,0.21875,0.875,0.35,0.0,True,True,8
translation (48),J-lens,star,0.1875,0.46153846153846156,0.26666666666666666,0.0,True,True,13
translation (48),plain lens,star,0.15625,0.38461538461538464,0.22222222222222224,0.0,True,True,13
translation (48),end-pass J-lens,star,0.1875,0.46153846153846156,0.26666666666666666,0.0,True,True,13
translation (48),end-pass plain24,star,0.15625,0.38461538461538464,0.22222222222222224,0.0,True,True,13
translation (48),end-pass plain27,star,0.21875,0.5384615384615384,0.3111111111111111,0.0,True,True,13
translation (48),end-pass erased1 J-lens,star,0.15625,0.38461538461538464,0.22222222222222224,0.0,True,True,13
translation (48),end-pass erased0.5 J-lens,star,0.1875,0.46153846153846156,0.26666666666666666,0.0,True,True,13
translation (48),end-pass erased1 plain24,star,0.15625,0.38461538461538464,0.22222222222222224,0.0,True,True,13
translation (48),end-pass erased0.5 plain24,star,0.15625,0.38461538461538464,0.22222222222222224,0.0,True,True,13
translation (48),end-pass erased1 plain27,star,0.21875,0.5384615384615384,0.3111111111111111,0.0,True,True,13
translation (48),end-pass erased0.5 plain27,star,0.21875,0.5384615384615384,0.3111111111111111,0.0,True,True,13
translation (48),J-lens,cloud,0.15625,0.5555555555555556,0.24390243902439024,0.03125,True,False,9
translation (48),plain lens,cloud,0.15625,0.5555555555555556,0.24390243902439024,0.0625,True,False,9
translation (48),end-pass J-lens,cloud,0.15625,0.5555555555555556,0.24390243902439024,0.0,True,True,9
translation (48),end-pass plain24,cloud,0.15625,0.5555555555555556,0.24390243902439024,0.0,True,True,9
translation (48),end-pass plain27,cloud,0.15625,0.5555555555555556,0.24390243902439024,0.0,True,True,9
translation (48),end-pass erased1 J-lens,cloud,0.15625,0.5555555555555556,0.24390243902439024,0.0,True,True,9
translation (48),end-pass erased0.5 J-lens,cloud,0.15625,0.5555555555555556,0.24390243902439024,0.0,True,True,9
translation (48),end-pass erased1 plain24,cloud,0.15625,0.5555555555555556,0.24390243902439024,0.0,True,True,9
translation (48),end-pass erased0.5 plain24,cloud,0.15625,0.5555555555555556,0.24390243902439024,0.0,True,True,9
translation (48),end-pass erased1 plain27,cloud,0.15625,0.5555555555555556,0.24390243902439024,0.0,True,True,9
translation (48),end-pass erased0.5 plain27,cloud,0.15625,0.5555555555555556,0.24390243902439024,0.0,True,True,9
translation (48),J-lens,bag,0.09375,0.5,0.15789473684210525,0.0,True,True,6
translation (48),plain lens,bag,0.03125,0.16666666666666666,0.05263157894736842,0.0,True,True,6
translation (48),end-pass J-lens,bag,0.09375,0.5,0.15789473684210525,0.0,True,True,6
translation (48),end-pass plain24,bag,0.03125,0.16666666666666666,0.05263157894736842,0.0,True,True,6
translation (48),end-pass plain27,bag,0.1875,1.0,0.3157894736842105,0.03125,True,False,6
translation (48),end-pass erased1 J-lens,bag,0.09375,0.5,0.15789473684210525,0.0,True,True,6
translation (48),end-pass erased0.5 J-lens,bag,0.09375,0.5,0.15789473684210525,0.0,True,True,6
translation (48),end-pass erased1 plain24,bag,0.03125,0.16666666666666666,0.05263157894736842,0.0,True,True,6
translation (48),end-pass erased0.5 plain24,bag,0.03125,0.16666666666666666,0.05263157894736842,0.0,True,True,6
translation (48),end-pass erased1 plain27,bag,0.1875,1.0,0.3157894736842105,0.0,True,True,6
translation (48),end-pass erased0.5 plain27,bag,0.1875,1.0,0.3157894736842105,0.0,True,True,6
translation (48),J-lens,mouth,0.09375,0.5,0.15789473684210525,0.0,True,True,6
translation (48),plain lens,mouth,0.15625,0.8333333333333334,0.2631578947368421,0.0,True,True,6
translation (48),end-pass J-lens,mouth,0.09375,0.5,0.15789473684210525,0.0,True,True,6
translation (48),end-pass plain24,mouth,0.15625,0.8333333333333334,0.2631578947368421,0.0,True,True,6
translation (48),end-pass plain27,mouth,0.125,0.6666666666666666,0.21052631578947367,0.0,True,True,6
translation (48),end-pass erased1 J-lens,mouth,0.09375,0.5,0.15789473684210525,0.0,True,True,6
translation (48),end-pass erased0.5 J-lens,mouth,0.09375,0.5,0.15789473684210525,0.0,True,True,6
translation (48),end-pass erased1 plain24,mouth,0.15625,0.8333333333333334,0.2631578947368421,0.0,True,True,6
translation (48),end-pass erased0.5 plain24,mouth,0.15625,0.8333333333333334,0.2631578947368421,0.0,True,True,6
translation (48),end-pass erased1 plain27,mouth,0.125,0.6666666666666666,0.21052631578947367,0.0,True,True,6
translation (48),end-pass erased0.5 plain27,mouth,0.125,0.6666666666666666,0.21052631578947367,0.0,True,True,6
translation (48),J-lens,soil,0.0625,0.4,0.10810810810810811,0.0,True,True,5
translation (48),plain lens,soil,0.0625,0.4,0.10810810810810811,0.0,True,True,5
translation (48),end-pass J-lens,soil,0.0625,0.4,0.10810810810810811,0.0,True,True,5
translation (48),end-pass plain24,soil,0.0625,0.4,0.10810810810810811,0.0,True,True,5
translation (48),end-pass plain27,soil,0.09375,0.6,0.16216216216216214,0.0,True,True,5
translation (48),end-pass erased1 J-lens,soil,0.0625,0.4,0.10810810810810811,0.0,True,True,5
translation (48),end-pass erased0.5 J-lens,soil,0.0625,0.4,0.10810810810810811,0.0,True,True,5
translation (48),end-pass erased1 plain24,soil,0.03125,0.2,0.05405405405405406,0.0,True,True,5
translation (48),end-pass erased0.5 plain24,soil,0.0625,0.4,0.10810810810810811,0.0,True,True,5
translation (48),end-pass erased1 plain27,soil,0.09375,0.6,0.16216216216216214,0.0,True,True,5
translation (48),end-pass erased0.5 plain27,soil,0.09375,0.6,0.16216216216216214,0.0,True,True,5
translation (48),J-lens,mountain,0.1875,0.6,0.2857142857142857,0.03125,True,False,10
translation (48),plain lens,mountain,0.15625,0.5,0.23809523809523808,0.0625,True,False,10
translation (48),end-pass J-lens,mountain,0.1875,0.6,0.2857142857142857,0.0,True,True,10
translation (48),end-pass plain24,mountain,0.15625,0.5,0.23809523809523808,0.0,True,True,10
translation (48),end-pass plain27,mountain,0.21875,0.7,0.3333333333333333,0.0,True,True,10
translation (48),end-pass erased1 J-lens,mountain,0.1875,0.6,0.2857142857142857,0.0,True,True,10
translation (48),end-pass erased0.5 J-lens,mountain,0.1875,0.6,0.2857142857142857,0.0,True,True,10
translation (48),end-pass erased1 plain24,mountain,0.15625,0.5,0.23809523809523808,0.0,True,True,10
translation (48),end-pass erased0.5 plain24,mountain,0.15625,0.5,0.23809523809523808,0.0,True,True,10
translation (48),end-pass erased1 plain27,mountain,0.21875,0.7,0.3333333333333333,0.0,True,True,10
translation (48),end-pass erased0.5 plain27,mountain,0.21875,0.7,0.3333333333333333,0.0,True,True,10
translation (48),J-lens,heart,0.125,0.4444444444444444,0.1951219512195122,0.0625,True,False,9
translation (48),plain lens,heart,0.15625,0.5555555555555556,0.24390243902439024,0.0625,True,False,9
translation (48),end-pass J-lens,heart,0.125,0.4444444444444444,0.1951219512195122,0.0,True,True,9
translation (48),end-pass plain24,heart,0.15625,0.5555555555555556,0.24390243902439024,0.0,True,True,9
translation (48),end-pass plain27,heart,0.15625,0.5555555555555556,0.24390243902439024,0.0,True,True,9
translation (48),end-pass erased1 J-lens,heart,0.125,0.4444444444444444,0.1951219512195122,0.0,True,True,9
translation (48),end-pass erased0.5 J-lens,heart,0.125,0.4444444444444444,0.1951219512195122,0.0,True,True,9
translation (48),end-pass erased1 plain24,heart,0.15625,0.5555555555555556,0.24390243902439024,0.0,True,True,9
translation (48),end-pass erased0.5 plain24,heart,0.15625,0.5555555555555556,0.24390243902439024,0.0,True,True,9
translation (48),end-pass erased1 plain27,heart,0.15625,0.5555555555555556,0.24390243902439024,0.0,True,True,9
translation (48),end-pass erased0.5 plain27,heart,0.15625,0.5555555555555556,0.24390243902439024,0.0,True,True,9
translation (48),J-lens,hand,0.15625,0.4166666666666667,0.22727272727272727,0.0,True,True,12
translation (48),plain lens,hand,0.0625,0.16666666666666666,0.09090909090909091,0.0,True,True,12
translation (48),end-pass J-lens,hand,0.15625,0.4166666666666667,0.22727272727272727,0.0,True,True,12
translation (48),end-pass plain24,hand,0.0625,0.16666666666666666,0.09090909090909091,0.0,True,True,12
translation (48),end-pass plain27,hand,0.1875,0.5,0.2727272727272727,0.0,True,True,12
translation (48),end-pass erased1 J-lens,hand,0.15625,0.4166666666666667,0.22727272727272727,0.0,True,True,12
translation (48),end-pass erased0.5 J-lens,hand,0.15625,0.4166666666666667,0.22727272727272727,0.0,True,True,12
translation (48),end-pass erased1 plain24,hand,0.03125,0.08333333333333333,0.045454545454545456,0.0,True,True,12
translation (48),end-pass erased0.5 plain24,hand,0.0625,0.16666666666666666,0.09090909090909091,0.0,True,True,12
translation (48),end-pass erased1 plain27,hand,0.1875,0.5,0.2727272727272727,0.0,True,True,12
translation (48),end-pass erased0.5 plain27,hand,0.1875,0.5,0.2727272727272727,0.0,True,True,12
translation (48),J-lens,star,0.15625,0.38461538461538464,0.22222222222222224,0.03125,True,False,13
translation (48),plain lens,star,0.125,0.3076923076923077,0.17777777777777778,0.03125,True,False,13
translation (48),end-pass J-lens,star,0.15625,0.38461538461538464,0.22222222222222224,0.03125,True,False,13
translation (48),end-pass plain24,star,0.125,0.3076923076923077,0.17777777777777778,0.03125,True,False,13
translation (48),end-pass plain27,star,0.21875,0.5384615384615384,0.3111111111111111,0.0625,True,False,13
translation (48),end-pass erased1 J-lens,star,0.15625,0.38461538461538464,0.22222222222222224,0.03125,True,False,13
translation (48),end-pass erased0.5 J-lens,star,0.15625,0.38461538461538464,0.22222222222222224,0.03125,True,False,13
translation (48),end-pass erased1 plain24,star,0.125,0.3076923076923077,0.17777777777777778,0.03125,True,False,13
translation (48),end-pass erased0.5 plain24,star,0.125,0.3076923076923077,0.17777777777777778,0.03125,True,False,13
translation (48),end-pass erased1 plain27,star,0.21875,0.5384615384615384,0.3111111111111111,0.0625,True,False,13
translation (48),end-pass erased0.5 plain27,star,0.21875,0.5384615384615384,0.3111111111111111,0.0625,True,False,13
translation (48),J-lens,cloud,0.15625,0.5555555555555556,0.24390243902439024,0.0,True,True,9
translation (48),plain lens,cloud,0.15625,0.5555555555555556,0.24390243902439024,0.0,True,True,9
translation (48),end-pass J-lens,cloud,0.15625,0.5555555555555556,0.24390243902439024,0.0,True,True,9
translation (48),end-pass plain24,cloud,0.15625,0.5555555555555556,0.24390243902439024,0.0,True,True,9
translation (48),end-pass plain27,cloud,0.15625,0.5555555555555556,0.24390243902439024,0.0,True,True,9
translation (48),end-pass erased1 J-lens,cloud,0.15625,0.5555555555555556,0.24390243902439024,0.0,True,True,9
translation (48),end-pass erased0.5 J-lens,cloud,0.15625,0.5555555555555556,0.24390243902439024,0.0,True,True,9
translation (48),end-pass erased1 plain24,cloud,0.15625,0.5555555555555556,0.24390243902439024,0.0,True,True,9
translation (48),end-pass erased0.5 plain24,cloud,0.15625,0.5555555555555556,0.24390243902439024,0.0,True,True,9
translation (48),end-pass erased1 plain27,cloud,0.15625,0.5555555555555556,0.24390243902439024,0.0,True,True,9
translation (48),end-pass erased0.5 plain27,cloud,0.15625,0.5555555555555556,0.24390243902439024,0.0,True,True,9
translation (48),J-lens,bag,0.09375,0.5,0.15789473684210525,0.0,True,True,6
translation (48),plain lens,bag,0.03125,0.16666666666666666,0.05263157894736842,0.0,True,True,6
translation (48),end-pass J-lens,bag,0.09375,0.5,0.15789473684210525,0.0,True,True,6
translation (48),end-pass plain24,bag,0.03125,0.16666666666666666,0.05263157894736842,0.0,True,True,6
translation (48),end-pass plain27,bag,0.15625,0.8333333333333334,0.2631578947368421,0.0625,True,False,6
translation (48),end-pass erased1 J-lens,bag,0.09375,0.5,0.15789473684210525,0.0,True,True,6
translation (48),end-pass erased0.5 J-lens,bag,0.09375,0.5,0.15789473684210525,0.0,True,True,6
translation (48),end-pass erased1 plain24,bag,0.03125,0.16666666666666666,0.05263157894736842,0.0,True,True,6
translation (48),end-pass erased0.5 plain24,bag,0.03125,0.16666666666666666,0.05263157894736842,0.0,True,True,6
translation (48),end-pass erased1 plain27,bag,0.15625,0.8333333333333334,0.2631578947368421,0.0625,True,False,6
translation (48),end-pass erased0.5 plain27,bag,0.15625,0.8333333333333334,0.2631578947368421,0.0625,True,False,6
translation (48),J-lens,mouth,0.09375,0.5,0.15789473684210525,0.03125,True,False,6
translation (48),plain lens,mouth,0.125,0.6666666666666666,0.21052631578947367,0.0,True,True,6
translation (48),end-pass J-lens,mouth,0.09375,0.5,0.15789473684210525,0.0,True,True,6
translation (48),end-pass plain24,mouth,0.125,0.6666666666666666,0.21052631578947367,0.0,True,True,6
translation (48),end-pass plain27,mouth,0.125,0.6666666666666666,0.21052631578947367,0.0,True,True,6
translation (48),end-pass erased1 J-lens,mouth,0.09375,0.5,0.15789473684210525,0.0,True,True,6
translation (48),end-pass erased0.5 J-lens,mouth,0.09375,0.5,0.15789473684210525,0.0,True,True,6
translation (48),end-pass erased1 plain24,mouth,0.125,0.6666666666666666,0.21052631578947367,0.0,True,True,6
translation (48),end-pass erased0.5 plain24,mouth,0.125,0.6666666666666666,0.21052631578947367,0.0,True,True,6
translation (48),end-pass erased1 plain27,mouth,0.125,0.6666666666666666,0.21052631578947367,0.0,True,True,6
translation (48),end-pass erased0.5 plain27,mouth,0.125,0.6666666666666666,0.21052631578947367,0.0,True,True,6
translation (48),J-lens,soil,0.09375,0.6,0.16216216216216214,0.0,True,True,5
translation (48),plain lens,soil,0.09375,0.6,0.16216216216216214,0.0,True,True,5
translation (48),end-pass J-lens,soil,0.09375,0.6,0.16216216216216214,0.0,True,True,5
translation (48),end-pass plain24,soil,0.09375,0.6,0.16216216216216214,0.0,True,True,5
translation (48),end-pass plain27,soil,0.09375,0.6,0.16216216216216214,0.0,True,True,5
translation (48),end-pass erased1 J-lens,soil,0.09375,0.6,0.16216216216216214,0.0,True,True,5
translation (48),end-pass erased0.5 J-lens,soil,0.09375,0.6,0.16216216216216214,0.0,True,True,5
translation (48),end-pass erased1 plain24,soil,0.09375,0.6,0.16216216216216214,0.0,True,True,5
translation (48),end-pass erased0.5 plain24,soil,0.09375,0.6,0.16216216216216214,0.0,True,True,5
translation (48),end-pass erased1 plain27,soil,0.09375,0.6,0.16216216216216214,0.0,True,True,5
translation (48),end-pass erased0.5 plain27,soil,0.09375,0.6,0.16216216216216214,0.0,True,True,5
translation (48),J-lens,mountain,0.1875,0.6,0.2857142857142857,0.03125,True,False,10
translation (48),plain lens,mountain,0.125,0.4,0.19047619047619047,0.0,True,True,10
translation (48),end-pass J-lens,mountain,0.1875,0.6,0.2857142857142857,0.0,True,True,10
translation (48),end-pass plain24,mountain,0.125,0.4,0.19047619047619047,0.0,True,True,10
translation (48),end-pass plain27,mountain,0.1875,0.6,0.2857142857142857,0.0,True,True,10
translation (48),end-pass erased1 J-lens,mountain,0.15625,0.5,0.23809523809523808,0.0,True,True,10
translation (48),end-pass erased0.5 J-lens,mountain,0.1875,0.6,0.2857142857142857,0.0,True,True,10
translation (48),end-pass erased1 plain24,mountain,0.0625,0.2,0.09523809523809523,0.0,True,True,10
translation (48),end-pass erased0.5 plain24,mountain,0.09375,0.3,0.14285714285714285,0.0,True,True,10
translation (48),end-pass erased1 plain27,mountain,0.15625,0.5,0.23809523809523808,0.0,True,True,10
translation (48),end-pass erased0.5 plain27,mountain,0.15625,0.5,0.23809523809523808,0.0,True,True,10
translation (48),J-lens,heart,0.15625,0.5555555555555556,0.24390243902439024,0.03125,True,False,9
translation (48),plain lens,heart,0.15625,0.5555555555555556,0.24390243902439024,0.03125,True,False,9
translation (48),end-pass J-lens,heart,0.15625,0.5555555555555556,0.24390243902439024,0.03125,True,False,9
translation (48),end-pass plain24,heart,0.15625,0.5555555555555556,0.24390243902439024,0.03125,True,False,9
translation (48),end-pass plain27,heart,0.15625,0.5555555555555556,0.24390243902439024,0.03125,True,False,9
translation (48),end-pass erased1 J-lens,heart,0.125,0.4444444444444444,0.1951219512195122,0.03125,True,False,9
translation (48),end-pass erased0.5 J-lens,heart,0.125,0.4444444444444444,0.1951219512195122,0.03125,True,False,9
translation (48),end-pass erased1 plain24,heart,0.15625,0.5555555555555556,0.24390243902439024,0.03125,True,False,9
translation (48),end-pass erased0.5 plain24,heart,0.15625,0.5555555555555556,0.24390243902439024,0.03125,True,False,9
translation (48),end-pass erased1 plain27,heart,0.15625,0.5555555555555556,0.24390243902439024,0.03125,True,False,9
translation (48),end-pass erased0.5 plain27,heart,0.15625,0.5555555555555556,0.24390243902439024,0.03125,True,False,9
translation (48),J-lens,hand,0.1875,0.5,0.2727272727272727,0.0,True,True,12
translation (48),plain lens,hand,0.1875,0.5,0.2727272727272727,0.0,True,True,12
translation (48),end-pass J-lens,hand,0.1875,0.5,0.2727272727272727,0.0,True,True,12
translation (48),end-pass plain24,hand,0.1875,0.5,0.2727272727272727,0.0,True,True,12
translation (48),end-pass plain27,hand,0.1875,0.5,0.2727272727272727,0.0,True,True,12
translation (48),end-pass erased1 J-lens,hand,0.1875,0.5,0.2727272727272727,0.0,True,True,12
translation (48),end-pass erased0.5 J-lens,hand,0.1875,0.5,0.2727272727272727,0.0,True,True,12
translation (48),end-pass erased1 plain24,hand,0.1875,0.5,0.2727272727272727,0.0,True,True,12
translation (48),end-pass erased0.5 plain24,hand,0.1875,0.5,0.2727272727272727,0.0,True,True,12
translation (48),end-pass erased1 plain27,hand,0.1875,0.5,0.2727272727272727,0.0,True,True,12
translation (48),end-pass erased0.5 plain27,hand,0.1875,0.5,0.2727272727272727,0.0,True,True,12
translation (48),J-lens,star,0.15625,0.38461538461538464,0.22222222222222224,0.0,True,True,13
translation (48),plain lens,star,0.15625,0.38461538461538464,0.22222222222222224,0.03125,True,False,13
translation (48),end-pass J-lens,star,0.15625,0.38461538461538464,0.22222222222222224,0.0,True,True,13
translation (48),end-pass plain24,star,0.15625,0.38461538461538464,0.22222222222222224,0.03125,True,False,13
translation (48),end-pass plain27,star,0.21875,0.5384615384615384,0.3111111111111111,0.03125,True,False,13
translation (48),end-pass erased1 J-lens,star,0.15625,0.38461538461538464,0.22222222222222224,0.0,True,True,13
translation (48),end-pass erased0.5 J-lens,star,0.15625,0.38461538461538464,0.22222222222222224,0.0,True,True,13
translation (48),end-pass erased1 plain24,star,0.15625,0.38461538461538464,0.22222222222222224,0.0,True,True,13
translation (48),end-pass erased0.5 plain24,star,0.15625,0.38461538461538464,0.22222222222222224,0.03125,True,False,13
translation (48),end-pass erased1 plain27,star,0.21875,0.5384615384615384,0.3111111111111111,0.0,True,True,13
translation (48),end-pass erased0.5 plain27,star,0.21875,0.5384615384615384,0.3111111111111111,0.0,True,True,13
translation (48),J-lens,book,0.21875,0.7,0.3333333333333333,0.0,True,True,10
translation (48),plain lens,book,0.125,0.4,0.19047619047619047,0.0625,True,False,10
translation (48),end-pass J-lens,book,0.21875,0.7,0.3333333333333333,0.0,True,True,10
translation (48),end-pass plain24,book,0.125,0.4,0.19047619047619047,0.0625,True,False,10
translation (48),end-pass plain27,book,0.21875,0.7,0.3333333333333333,0.03125,True,False,10
translation (48),end-pass erased1 J-lens,book,0.21875,0.7,0.3333333333333333,0.0,True,True,10
translation (48),end-pass erased0.5 J-lens,book,0.21875,0.7,0.3333333333333333,0.0,True,True,10
translation (48),end-pass erased1 plain24,book,0.125,0.4,0.19047619047619047,0.0625,True,False,10
translation (48),end-pass erased0.5 plain24,book,0.125,0.4,0.19047619047619047,0.0625,True,False,10
translation (48),end-pass erased1 plain27,book,0.21875,0.7,0.3333333333333333,0.03125,True,False,10
translation (48),end-pass erased0.5 plain27,book,0.21875,0.7,0.3333333333333333,0.03125,True,False,10
translation (48),J-lens,cloud,0.15625,0.5555555555555556,0.24390243902439024,0.03125,True,False,9
translation (48),plain lens,cloud,0.15625,0.5555555555555556,0.24390243902439024,0.0625,True,False,9
translation (48),end-pass J-lens,cloud,0.15625,0.5555555555555556,0.24390243902439024,0.0,True,True,9
translation (48),end-pass plain24,cloud,0.15625,0.5555555555555556,0.24390243902439024,0.0,True,True,9
translation (48),end-pass plain27,cloud,0.15625,0.5555555555555556,0.24390243902439024,0.0,True,True,9
translation (48),end-pass erased1 J-lens,cloud,0.15625,0.5555555555555556,0.24390243902439024,0.0,True,True,9
translation (48),end-pass erased0.5 J-lens,cloud,0.15625,0.5555555555555556,0.24390243902439024,0.0,True,True,9
translation (48),end-pass erased1 plain24,cloud,0.15625,0.5555555555555556,0.24390243902439024,0.0,True,True,9
translation (48),end-pass erased0.5 plain24,cloud,0.15625,0.5555555555555556,0.24390243902439024,0.0,True,True,9
translation (48),end-pass erased1 plain27,cloud,0.15625,0.5555555555555556,0.24390243902439024,0.0,True,True,9
translation (48),end-pass erased0.5 plain27,cloud,0.15625,0.5555555555555556,0.24390243902439024,0.0,True,True,9
translation (48),J-lens,bag,0.0625,0.3333333333333333,0.10526315789473684,0.0,True,True,6
translation (48),plain lens,bag,0.0,0.0,0.0,0.0,False,False,6
translation (48),end-pass J-lens,bag,0.0625,0.3333333333333333,0.10526315789473684,0.0,True,True,6
translation (48),end-pass plain24,bag,0.0,0.0,0.0,0.0,False,False,6
translation (48),end-pass plain27,bag,0.125,0.6666666666666666,0.21052631578947367,0.0,True,True,6
translation (48),end-pass erased1 J-lens,bag,0.0625,0.3333333333333333,0.10526315789473684,0.0,True,True,6
translation (48),end-pass erased0.5 J-lens,bag,0.0625,0.3333333333333333,0.10526315789473684,0.0,True,True,6
translation (48),end-pass erased1 plain24,bag,0.0,0.0,0.0,0.0,False,False,6
translation (48),end-pass erased0.5 plain24,bag,0.0,0.0,0.0,0.0,False,False,6
translation (48),end-pass erased1 plain27,bag,0.125,0.6666666666666666,0.21052631578947367,0.0,True,True,6
translation (48),end-pass erased0.5 plain27,bag,0.125,0.6666666666666666,0.21052631578947367,0.0,True,True,6
translation (48),J-lens,mouth,0.125,0.6666666666666666,0.21052631578947367,0.0,True,True,6
translation (48),plain lens,mouth,0.15625,0.8333333333333334,0.2631578947368421,0.0,True,True,6
translation (48),end-pass J-lens,mouth,0.125,0.6666666666666666,0.21052631578947367,0.0,True,True,6
translation (48),end-pass plain24,mouth,0.15625,0.8333333333333334,0.2631578947368421,0.0,True,True,6
translation (48),end-pass plain27,mouth,0.125,0.6666666666666666,0.21052631578947367,0.0,True,True,6
translation (48),end-pass erased1 J-lens,mouth,0.125,0.6666666666666666,0.21052631578947367,0.0,True,True,6
translation (48),end-pass erased0.5 J-lens,mouth,0.125,0.6666666666666666,0.21052631578947367,0.0,True,True,6
translation (48),end-pass erased1 plain24,mouth,0.15625,0.8333333333333334,0.2631578947368421,0.0,True,True,6
translation (48),end-pass erased0.5 plain24,mouth,0.15625,0.8333333333333334,0.2631578947368421,0.0,True,True,6
translation (48),end-pass erased1 plain27,mouth,0.125,0.6666666666666666,0.21052631578947367,0.0,True,True,6
translation (48),end-pass erased0.5 plain27,mouth,0.125,0.6666666666666666,0.21052631578947367,0.0,True,True,6
translation (48),J-lens,soil,0.0625,0.4,0.10810810810810811,0.0,True,True,5
translation (48),plain lens,soil,0.0625,0.4,0.10810810810810811,0.0,True,True,5
translation (48),end-pass J-lens,soil,0.0625,0.4,0.10810810810810811,0.0,True,True,5
translation (48),end-pass plain24,soil,0.0625,0.4,0.10810810810810811,0.0,True,True,5
translation (48),end-pass plain27,soil,0.0625,0.4,0.10810810810810811,0.0,True,True,5
translation (48),end-pass erased1 J-lens,soil,0.0625,0.4,0.10810810810810811,0.0,True,True,5
translation (48),end-pass erased0.5 J-lens,soil,0.0625,0.4,0.10810810810810811,0.0,True,True,5
translation (48),end-pass erased1 plain24,soil,0.09375,0.6,0.16216216216216214,0.0,True,True,5
translation (48),end-pass erased0.5 plain24,soil,0.0625,0.4,0.10810810810810811,0.0,True,True,5
translation (48),end-pass erased1 plain27,soil,0.0625,0.4,0.10810810810810811,0.0,True,True,5
translation (48),end-pass erased0.5 plain27,soil,0.0625,0.4,0.10810810810810811,0.0,True,True,5
translation (48),J-lens,mountain,0.1875,0.6,0.2857142857142857,0.03125,True,False,10
translation (48),plain lens,mountain,0.09375,0.3,0.14285714285714285,0.0625,True,False,10
translation (48),end-pass J-lens,mountain,0.1875,0.6,0.2857142857142857,0.0,True,True,10
translation (48),end-pass plain24,mountain,0.09375,0.3,0.14285714285714285,0.0,True,True,10
translation (48),end-pass plain27,mountain,0.21875,0.7,0.3333333333333333,0.0,True,True,10
translation (48),end-pass erased1 J-lens,mountain,0.21875,0.7,0.3333333333333333,0.0,True,True,10
translation (48),end-pass erased0.5 J-lens,mountain,0.1875,0.6,0.2857142857142857,0.0,True,True,10
translation (48),end-pass erased1 plain24,mountain,0.09375,0.3,0.14285714285714285,0.0,True,True,10
translation (48),end-pass erased0.5 plain24,mountain,0.09375,0.3,0.14285714285714285,0.0,True,True,10
translation (48),end-pass erased1 plain27,mountain,0.21875,0.7,0.3333333333333333,0.0,True,True,10
translation (48),end-pass erased0.5 plain27,mountain,0.21875,0.7,0.3333333333333333,0.0,True,True,10
translation (48),J-lens,heart,0.125,0.4444444444444444,0.1951219512195122,0.0625,True,False,9
translation (48),plain lens,heart,0.15625,0.5555555555555556,0.24390243902439024,0.0625,True,False,9
translation (48),end-pass J-lens,heart,0.125,0.4444444444444444,0.1951219512195122,0.0,True,True,9
translation (48),end-pass plain24,heart,0.15625,0.5555555555555556,0.24390243902439024,0.0,True,True,9
translation (48),end-pass plain27,heart,0.15625,0.5555555555555556,0.24390243902439024,0.0,True,True,9
translation (48),end-pass erased1 J-lens,heart,0.125,0.4444444444444444,0.1951219512195122,0.0,True,True,9
translation (48),end-pass erased0.5 J-lens,heart,0.125,0.4444444444444444,0.1951219512195122,0.0,True,True,9
translation (48),end-pass erased1 plain24,heart,0.15625,0.5555555555555556,0.24390243902439024,0.0,True,True,9
translation (48),end-pass erased0.5 plain24,heart,0.15625,0.5555555555555556,0.24390243902439024,0.0,True,True,9
translation (48),end-pass erased1 plain27,heart,0.15625,0.5555555555555556,0.24390243902439024,0.0,True,True,9
translation (48),end-pass erased0.5 plain27,heart,0.15625,0.5555555555555556,0.24390243902439024,0.0,True,True,9
translation (48),J-lens,star,0.1875,0.46153846153846156,0.26666666666666666,0.03125,True,False,13
translation (48),plain lens,star,0.15625,0.38461538461538464,0.22222222222222224,0.0625,True,False,13
translation (48),end-pass J-lens,star,0.1875,0.46153846153846156,0.26666666666666666,0.03125,True,False,13
translation (48),end-pass plain24,star,0.15625,0.38461538461538464,0.22222222222222224,0.0625,True,False,13
translation (48),end-pass plain27,star,0.21875,0.5384615384615384,0.3111111111111111,0.0625,True,False,13
translation (48),end-pass erased1 J-lens,star,0.1875,0.46153846153846156,0.26666666666666666,0.03125,True,False,13
translation (48),end-pass erased0.5 J-lens,star,0.1875,0.46153846153846156,0.26666666666666666,0.03125,True,False,13
translation (48),end-pass erased1 plain24,star,0.15625,0.38461538461538464,0.22222222222222224,0.0625,True,False,13
translation (48),end-pass erased0.5 plain24,star,0.15625,0.38461538461538464,0.22222222222222224,0.0625,True,False,13
translation (48),end-pass erased1 plain27,star,0.21875,0.5384615384615384,0.3111111111111111,0.0625,True,False,13
translation (48),end-pass erased0.5 plain27,star,0.21875,0.5384615384615384,0.3111111111111111,0.0625,True,False,13
translation (48),J-lens,book,0.21875,0.7,0.3333333333333333,0.0,True,True,10
translation (48),plain lens,book,0.09375,0.3,0.14285714285714285,0.0,True,True,10
translation (48),end-pass J-lens,book,0.21875,0.7,0.3333333333333333,0.0,True,True,10
translation (48),end-pass plain24,book,0.09375,0.3,0.14285714285714285,0.0,True,True,10
translation (48),end-pass plain27,book,0.21875,0.7,0.3333333333333333,0.0,True,True,10
translation (48),end-pass erased1 J-lens,book,0.21875,0.7,0.3333333333333333,0.0,True,True,10
translation (48),end-pass erased0.5 J-lens,book,0.21875,0.7,0.3333333333333333,0.0,True,True,10
translation (48),end-pass erased1 plain24,book,0.09375,0.3,0.14285714285714285,0.0,True,True,10
translation (48),end-pass erased0.5 plain24,book,0.09375,0.3,0.14285714285714285,0.0,True,True,10
translation (48),end-pass erased1 plain27,book,0.21875,0.7,0.3333333333333333,0.0,True,True,10
translation (48),end-pass erased0.5 plain27,book,0.21875,0.7,0.3333333333333333,0.0,True,True,10
translation (48),J-lens,cloud,0.15625,0.5555555555555556,0.24390243902439024,0.0,True,True,9
translation (48),plain lens,cloud,0.15625,0.5555555555555556,0.24390243902439024,0.0,True,True,9
translation (48),end-pass J-lens,cloud,0.15625,0.5555555555555556,0.24390243902439024,0.0,True,True,9
translation (48),end-pass plain24,cloud,0.15625,0.5555555555555556,0.24390243902439024,0.0,True,True,9
translation (48),end-pass plain27,cloud,0.15625,0.5555555555555556,0.24390243902439024,0.0,True,True,9
translation (48),end-pass erased1 J-lens,cloud,0.15625,0.5555555555555556,0.24390243902439024,0.0,True,True,9
translation (48),end-pass erased0.5 J-lens,cloud,0.15625,0.5555555555555556,0.24390243902439024,0.0,True,True,9
translation (48),end-pass erased1 plain24,cloud,0.15625,0.5555555555555556,0.24390243902439024,0.0,True,True,9
translation (48),end-pass erased0.5 plain24,cloud,0.15625,0.5555555555555556,0.24390243902439024,0.0,True,True,9
translation (48),end-pass erased1 plain27,cloud,0.15625,0.5555555555555556,0.24390243902439024,0.0,True,True,9
translation (48),end-pass erased0.5 plain27,cloud,0.15625,0.5555555555555556,0.24390243902439024,0.0,True,True,9
translation (48),J-lens,bag,0.125,0.6666666666666666,0.21052631578947367,0.03125,True,False,6
translation (48),plain lens,bag,0.03125,0.16666666666666666,0.05263157894736842,0.0,True,True,6
translation (48),end-pass J-lens,bag,0.125,0.6666666666666666,0.21052631578947367,0.03125,True,False,6
translation (48),end-pass plain24,bag,0.03125,0.16666666666666666,0.05263157894736842,0.0,True,True,6
translation (48),end-pass plain27,bag,0.15625,0.8333333333333334,0.2631578947368421,0.03125,True,False,6
translation (48),end-pass erased1 J-lens,bag,0.125,0.6666666666666666,0.21052631578947367,0.03125,True,False,6
translation (48),end-pass erased0.5 J-lens,bag,0.125,0.6666666666666666,0.21052631578947367,0.03125,True,False,6
translation (48),end-pass erased1 plain24,bag,0.03125,0.16666666666666666,0.05263157894736842,0.0,True,True,6
translation (48),end-pass erased0.5 plain24,bag,0.03125,0.16666666666666666,0.05263157894736842,0.0,True,True,6
translation (48),end-pass erased1 plain27,bag,0.15625,0.8333333333333334,0.2631578947368421,0.03125,True,False,6
translation (48),end-pass erased0.5 plain27,bag,0.15625,0.8333333333333334,0.2631578947368421,0.03125,True,False,6
translation (48),J-lens,mouth,0.09375,0.5,0.15789473684210525,0.0,True,True,6
translation (48),plain lens,mouth,0.125,0.6666666666666666,0.21052631578947367,0.0,True,True,6
translation (48),end-pass J-lens,mouth,0.09375,0.5,0.15789473684210525,0.0,True,True,6
translation (48),end-pass plain24,mouth,0.125,0.6666666666666666,0.21052631578947367,0.0,True,True,6
translation (48),end-pass plain27,mouth,0.125,0.6666666666666666,0.21052631578947367,0.0,True,True,6
translation (48),end-pass erased1 J-lens,mouth,0.09375,0.5,0.15789473684210525,0.0,True,True,6
translation (48),end-pass erased0.5 J-lens,mouth,0.09375,0.5,0.15789473684210525,0.0,True,True,6
translation (48),end-pass erased1 plain24,mouth,0.125,0.6666666666666666,0.21052631578947367,0.0,True,True,6
translation (48),end-pass erased0.5 plain24,mouth,0.125,0.6666666666666666,0.21052631578947367,0.0,True,True,6
translation (48),end-pass erased1 plain27,mouth,0.125,0.6666666666666666,0.21052631578947367,0.0,True,True,6
translation (48),end-pass erased0.5 plain27,mouth,0.125,0.6666666666666666,0.21052631578947367,0.0,True,True,6
translation (48),J-lens,soil,0.0625,0.4,0.10810810810810811,0.03125,True,False,5
translation (48),plain lens,soil,0.09375,0.6,0.16216216216216214,0.0,True,True,5
translation (48),end-pass J-lens,soil,0.0625,0.4,0.10810810810810811,0.03125,True,False,5
translation (48),end-pass plain24,soil,0.09375,0.6,0.16216216216216214,0.0,True,True,5
translation (48),end-pass plain27,soil,0.09375,0.6,0.16216216216216214,0.03125,True,False,5
translation (48),end-pass erased1 J-lens,soil,0.0625,0.4,0.10810810810810811,0.03125,True,False,5
translation (48),end-pass erased0.5 J-lens,soil,0.0625,0.4,0.10810810810810811,0.03125,True,False,5
translation (48),end-pass erased1 plain24,soil,0.09375,0.6,0.16216216216216214,0.0,True,True,5
translation (48),end-pass erased0.5 plain24,soil,0.09375,0.6,0.16216216216216214,0.0,True,True,5
translation (48),end-pass erased1 plain27,soil,0.09375,0.6,0.16216216216216214,0.03125,True,False,5
translation (48),end-pass erased0.5 plain27,soil,0.09375,0.6,0.16216216216216214,0.03125,True,False,5
translation (48),J-lens,mountain,0.1875,0.6,0.2857142857142857,0.0,True,True,10
translation (48),plain lens,mountain,0.09375,0.3,0.14285714285714285,0.0,True,True,10
translation (48),end-pass J-lens,mountain,0.1875,0.6,0.2857142857142857,0.0,True,True,10
translation (48),end-pass plain24,mountain,0.09375,0.3,0.14285714285714285,0.0,True,True,10
translation (48),end-pass plain27,mountain,0.21875,0.7,0.3333333333333333,0.0,True,True,10
translation (48),end-pass erased1 J-lens,mountain,0.1875,0.6,0.2857142857142857,0.0,True,True,10
translation (48),end-pass erased0.5 J-lens,mountain,0.1875,0.6,0.2857142857142857,0.0,True,True,10
translation (48),end-pass erased1 plain24,mountain,0.09375,0.3,0.14285714285714285,0.0,True,True,10
translation (48),end-pass erased0.5 plain24,mountain,0.09375,0.3,0.14285714285714285,0.0,True,True,10
translation (48),end-pass erased1 plain27,mountain,0.21875,0.7,0.3333333333333333,0.0,True,True,10
translation (48),end-pass erased0.5 plain27,mountain,0.21875,0.7,0.3333333333333333,0.0,True,True,10
translation (48),J-lens,heart,0.15625,0.5555555555555556,0.24390243902439024,0.03125,True,False,9
translation (48),plain lens,heart,0.15625,0.5555555555555556,0.24390243902439024,0.0,True,True,9
translation (48),end-pass J-lens,heart,0.15625,0.5555555555555556,0.24390243902439024,0.0,True,True,9
translation (48),end-pass plain24,heart,0.15625,0.5555555555555556,0.24390243902439024,0.0,True,True,9
translation (48),end-pass plain27,heart,0.15625,0.5555555555555556,0.24390243902439024,0.0,True,True,9
translation (48),end-pass erased1 J-lens,heart,0.15625,0.5555555555555556,0.24390243902439024,0.0,True,True,9
translation (48),end-pass erased0.5 J-lens,heart,0.15625,0.5555555555555556,0.24390243902439024,0.0,True,True,9
translation (48),end-pass erased1 plain24,heart,0.15625,0.5555555555555556,0.24390243902439024,0.0,True,True,9
translation (48),end-pass erased0.5 plain24,heart,0.15625,0.5555555555555556,0.24390243902439024,0.0,True,True,9
translation (48),end-pass erased1 plain27,heart,0.15625,0.5555555555555556,0.24390243902439024,0.0,True,True,9
translation (48),end-pass erased0.5 plain27,heart,0.15625,0.5555555555555556,0.24390243902439024,0.0,True,True,9
translation (48),J-lens,star,0.15625,0.38461538461538464,0.22222222222222224,0.0,True,True,13
translation (48),plain lens,star,0.15625,0.38461538461538464,0.22222222222222224,0.0,True,True,13
translation (48),end-pass J-lens,star,0.15625,0.38461538461538464,0.22222222222222224,0.0,True,True,13
translation (48),end-pass plain24,star,0.15625,0.38461538461538464,0.22222222222222224,0.0,True,True,13
translation (48),end-pass plain27,star,0.21875,0.5384615384615384,0.3111111111111111,0.0,True,True,13
translation (48),end-pass erased1 J-lens,star,0.15625,0.38461538461538464,0.22222222222222224,0.0,True,True,13
translation (48),end-pass erased0.5 J-lens,star,0.15625,0.38461538461538464,0.22222222222222224,0.0,True,True,13
translation (48),end-pass erased1 plain24,star,0.15625,0.38461538461538464,0.22222222222222224,0.0,True,True,13
translation (48),end-pass erased0.5 plain24,star,0.15625,0.38461538461538464,0.22222222222222224,0.0,True,True,13
translation (48),end-pass erased1 plain27,star,0.21875,0.5384615384615384,0.3111111111111111,0.0,True,True,13
translation (48),end-pass erased0.5 plain27,star,0.21875,0.5384615384615384,0.3111111111111111,0.0,True,True,13
translation (48),J-lens,cloud,0.15625,0.5555555555555556,0.24390243902439024,0.0,True,True,9
translation (48),plain lens,cloud,0.15625,0.5555555555555556,0.24390243902439024,0.0,True,True,9
translation (48),end-pass J-lens,cloud,0.15625,0.5555555555555556,0.24390243902439024,0.0,True,True,9
translation (48),end-pass plain24,cloud,0.15625,0.5555555555555556,0.24390243902439024,0.0,True,True,9
translation (48),end-pass plain27,cloud,0.15625,0.5555555555555556,0.24390243902439024,0.0,True,True,9
translation (48),end-pass erased1 J-lens,cloud,0.15625,0.5555555555555556,0.24390243902439024,0.0,True,True,9
translation (48),end-pass erased0.5 J-lens,cloud,0.15625,0.5555555555555556,0.24390243902439024,0.0,True,True,9
translation (48),end-pass erased1 plain24,cloud,0.15625,0.5555555555555556,0.24390243902439024,0.0,True,True,9
translation (48),end-pass erased0.5 plain24,cloud,0.15625,0.5555555555555556,0.24390243902439024,0.0,True,True,9
translation (48),end-pass erased1 plain27,cloud,0.15625,0.5555555555555556,0.24390243902439024,0.0,True,True,9
translation (48),end-pass erased0.5 plain27,cloud,0.15625,0.5555555555555556,0.24390243902439024,0.0,True,True,9
translation (48),J-lens,bag,0.125,0.6666666666666666,0.21052631578947367,0.03125,True,False,6
translation (48),plain lens,bag,0.03125,0.16666666666666666,0.05263157894736842,0.0,True,True,6
translation (48),end-pass J-lens,bag,0.125,0.6666666666666666,0.21052631578947367,0.03125,True,False,6
translation (48),end-pass plain24,bag,0.03125,0.16666666666666666,0.05263157894736842,0.0,True,True,6
translation (48),end-pass plain27,bag,0.15625,0.8333333333333334,0.2631578947368421,0.03125,True,False,6
translation (48),end-pass erased1 J-lens,bag,0.125,0.6666666666666666,0.21052631578947367,0.03125,True,False,6
translation (48),end-pass erased0.5 J-lens,bag,0.125,0.6666666666666666,0.21052631578947367,0.03125,True,False,6
translation (48),end-pass erased1 plain24,bag,0.03125,0.16666666666666666,0.05263157894736842,0.0,True,True,6
translation (48),end-pass erased0.5 plain24,bag,0.03125,0.16666666666666666,0.05263157894736842,0.0,True,True,6
translation (48),end-pass erased1 plain27,bag,0.15625,0.8333333333333334,0.2631578947368421,0.0,True,True,6
translation (48),end-pass erased0.5 plain27,bag,0.15625,0.8333333333333334,0.2631578947368421,0.0,True,True,6
translation (48),J-lens,mouth,0.09375,0.5,0.15789473684210525,0.0,True,True,6
translation (48),plain lens,mouth,0.125,0.6666666666666666,0.21052631578947367,0.0,True,True,6
translation (48),end-pass J-lens,mouth,0.09375,0.5,0.15789473684210525,0.0,True,True,6
translation (48),end-pass plain24,mouth,0.125,0.6666666666666666,0.21052631578947367,0.0,True,True,6
translation (48),end-pass plain27,mouth,0.125,0.6666666666666666,0.21052631578947367,0.0,True,True,6
translation (48),end-pass erased1 J-lens,mouth,0.09375,0.5,0.15789473684210525,0.0,True,True,6
translation (48),end-pass erased0.5 J-lens,mouth,0.09375,0.5,0.15789473684210525,0.0,True,True,6
translation (48),end-pass erased1 plain24,mouth,0.125,0.6666666666666666,0.21052631578947367,0.0,True,True,6
translation (48),end-pass erased0.5 plain24,mouth,0.125,0.6666666666666666,0.21052631578947367,0.0,True,True,6
translation (48),end-pass erased1 plain27,mouth,0.125,0.6666666666666666,0.21052631578947367,0.0,True,True,6
translation (48),end-pass erased0.5 plain27,mouth,0.125,0.6666666666666666,0.21052631578947367,0.0,True,True,6
translation (48),J-lens,soil,0.0625,0.4,0.10810810810810811,0.0,True,True,5
translation (48),plain lens,soil,0.0625,0.4,0.10810810810810811,0.0,True,True,5
translation (48),end-pass J-lens,soil,0.0625,0.4,0.10810810810810811,0.0,True,True,5
translation (48),end-pass plain24,soil,0.0625,0.4,0.10810810810810811,0.0,True,True,5
translation (48),end-pass plain27,soil,0.0625,0.4,0.10810810810810811,0.03125,True,False,5
translation (48),end-pass erased1 J-lens,soil,0.0625,0.4,0.10810810810810811,0.0,True,True,5
translation (48),end-pass erased0.5 J-lens,soil,0.0625,0.4,0.10810810810810811,0.0,True,True,5
translation (48),end-pass erased1 plain24,soil,0.09375,0.6,0.16216216216216214,0.0,True,True,5
translation (48),end-pass erased0.5 plain24,soil,0.09375,0.6,0.16216216216216214,0.0,True,True,5
translation (48),end-pass erased1 plain27,soil,0.0625,0.4,0.10810810810810811,0.03125,True,False,5
translation (48),end-pass erased0.5 plain27,soil,0.0625,0.4,0.10810810810810811,0.03125,True,False,5
translation (48),J-lens,mountain,0.21875,0.7,0.3333333333333333,0.0,True,True,10
translation (48),plain lens,mountain,0.1875,0.6,0.2857142857142857,0.0,True,True,10
translation (48),end-pass J-lens,mountain,0.21875,0.7,0.3333333333333333,0.0,True,True,10
translation (48),end-pass plain24,mountain,0.1875,0.6,0.2857142857142857,0.0,True,True,10
translation (48),end-pass plain27,mountain,0.21875,0.7,0.3333333333333333,0.0,True,True,10
translation (48),end-pass erased1 J-lens,mountain,0.21875,0.7,0.3333333333333333,0.0,True,True,10
translation (48),end-pass erased0.5 J-lens,mountain,0.21875,0.7,0.3333333333333333,0.0,True,True,10
translation (48),end-pass erased1 plain24,mountain,0.1875,0.6,0.2857142857142857,0.0,True,True,10
translation (48),end-pass erased0.5 plain24,mountain,0.1875,0.6,0.2857142857142857,0.0,True,True,10
translation (48),end-pass erased1 plain27,mountain,0.21875,0.7,0.3333333333333333,0.0,True,True,10
translation (48),end-pass erased0.5 plain27,mountain,0.21875,0.7,0.3333333333333333,0.0,True,True,10
translation (48),J-lens,heart,0.125,0.4444444444444444,0.1951219512195122,0.03125,True,False,9
translation (48),plain lens,heart,0.15625,0.5555555555555556,0.24390243902439024,0.0,True,True,9
translation (48),end-pass J-lens,heart,0.125,0.4444444444444444,0.1951219512195122,0.0,True,True,9
translation (48),end-pass plain24,heart,0.15625,0.5555555555555556,0.24390243902439024,0.0,True,True,9
translation (48),end-pass plain27,heart,0.15625,0.5555555555555556,0.24390243902439024,0.0,True,True,9
translation (48),end-pass erased1 J-lens,heart,0.125,0.4444444444444444,0.1951219512195122,0.0,True,True,9
translation (48),end-pass erased0.5 J-lens,heart,0.125,0.4444444444444444,0.1951219512195122,0.0,True,True,9
translation (48),end-pass erased1 plain24,heart,0.15625,0.5555555555555556,0.24390243902439024,0.0,True,True,9
translation (48),end-pass erased0.5 plain24,heart,0.15625,0.5555555555555556,0.24390243902439024,0.0,True,True,9
translation (48),end-pass erased1 plain27,heart,0.15625,0.5555555555555556,0.24390243902439024,0.0,True,True,9
translation (48),end-pass erased0.5 plain27,heart,0.15625,0.5555555555555556,0.24390243902439024,0.0,True,True,9
translation (48),J-lens,day,0.1875,0.75,0.3,0.0,True,True,8
translation (48),plain lens,day,0.125,0.5,0.2,0.0,True,True,8
translation (48),end-pass J-lens,day,0.1875,0.75,0.3,0.0,True,True,8
translation (48),end-pass plain24,day,0.125,0.5,0.2,0.0,True,True,8
translation (48),end-pass plain27,day,0.25,1.0,0.4,0.0,True,True,8
translation (48),end-pass erased1 J-lens,day,0.15625,0.625,0.25,0.0,True,True,8
translation (48),end-pass erased0.5 J-lens,day,0.1875,0.75,0.3,0.0,True,True,8
translation (48),end-pass erased1 plain24,day,0.125,0.5,0.2,0.0,True,True,8
translation (48),end-pass erased0.5 plain24,day,0.125,0.5,0.2,0.0,True,True,8
translation (48),end-pass erased1 plain27,day,0.25,1.0,0.4,0.0,True,True,8
translation (48),end-pass erased0.5 plain27,day,0.25,1.0,0.4,0.0,True,True,8
translation (48),J-lens,star,0.15625,0.38461538461538464,0.22222222222222224,0.0,True,True,13
translation (48),plain lens,star,0.15625,0.38461538461538464,0.22222222222222224,0.0,True,True,13
translation (48),end-pass J-lens,star,0.15625,0.38461538461538464,0.22222222222222224,0.0,True,True,13
translation (48),end-pass plain24,star,0.15625,0.38461538461538464,0.22222222222222224,0.0,True,True,13
translation (48),end-pass plain27,star,0.21875,0.5384615384615384,0.3111111111111111,0.0,True,True,13
translation (48),end-pass erased1 J-lens,star,0.15625,0.38461538461538464,0.22222222222222224,0.0,True,True,13
translation (48),end-pass erased0.5 J-lens,star,0.15625,0.38461538461538464,0.22222222222222224,0.0,True,True,13
translation (48),end-pass erased1 plain24,star,0.15625,0.38461538461538464,0.22222222222222224,0.0,True,True,13
translation (48),end-pass erased0.5 plain24,star,0.15625,0.38461538461538464,0.22222222222222224,0.0,True,True,13
translation (48),end-pass erased1 plain27,star,0.21875,0.5384615384615384,0.3111111111111111,0.0,True,True,13
translation (48),end-pass erased0.5 plain27,star,0.21875,0.5384615384615384,0.3111111111111111,0.0,True,True,13
translation (48),rise-and-fall,cloud,0.15625,0.5555555555555556,0.24390243902439024,0.0,True,True,9
translation (48),rise-and-fall masked,cloud,0.15625,0.5555555555555556,0.24390243902439024,0.0,True,True,9
translation (48),rise-and-fall,bag,0.125,0.6666666666666666,0.21052631578947367,0.0,True,True,6
translation (48),rise-and-fall masked,bag,0.125,0.6666666666666666,0.21052631578947367,0.0,True,True,6
translation (48),rise-and-fall,mouth,0.125,0.6666666666666666,0.21052631578947367,0.0,True,True,6
translation (48),rise-and-fall masked,mouth,0.125,0.6666666666666666,0.21052631578947367,0.0,True,True,6
translation (48),rise-and-fall,soil,0.0625,0.4,0.10810810810810811,0.0,True,True,5
translation (48),rise-and-fall masked,soil,0.0625,0.4,0.10810810810810811,0.0,True,True,5
translation (48),rise-and-fall,mountain,0.0,0.0,0.0,0.0,False,False,10
translation (48),rise-and-fall masked,mountain,0.0,0.0,0.0,0.0,False,False,10
translation (48),rise-and-fall,heart,0.125,0.4444444444444444,0.1951219512195122,0.0,True,True,9
translation (48),rise-and-fall masked,heart,0.125,0.4444444444444444,0.1951219512195122,0.0,True,True,9
translation (48),rise-and-fall,day,0.125,0.5,0.2,0.0,True,True,8
translation (48),rise-and-fall masked,day,0.125,0.5,0.2,0.0,True,True,8
translation (48),rise-and-fall,star,0.15625,0.38461538461538464,0.22222222222222224,0.0,True,True,13
translation (48),rise-and-fall masked,star,0.15625,0.38461538461538464,0.22222222222222224,0.0,True,True,13
translation (48),rise-and-fall,cloud,0.15625,0.5555555555555556,0.24390243902439024,0.0,True,True,9
translation (48),rise-and-fall masked,cloud,0.15625,0.5555555555555556,0.24390243902439024,0.0,True,True,9
translation (48),rise-and-fall,bag,0.09375,0.5,0.15789473684210525,0.0,True,True,6
translation (48),rise-and-fall masked,bag,0.09375,0.5,0.15789473684210525,0.0,True,True,6
translation (48),rise-and-fall,mouth,0.125,0.6666666666666666,0.21052631578947367,0.0,True,True,6
translation (48),rise-and-fall masked,mouth,0.125,0.6666666666666666,0.21052631578947367,0.0,True,True,6
translation (48),rise-and-fall,soil,0.0625,0.4,0.10810810810810811,0.0,True,True,5
translation (48),rise-and-fall masked,soil,0.0625,0.4,0.10810810810810811,0.0,True,True,5
translation (48),rise-and-fall,mountain,0.0,0.0,0.0,0.0,False,False,10
translation (48),rise-and-fall masked,mountain,0.0,0.0,0.0,0.0,False,False,10
translation (48),rise-and-fall,heart,0.125,0.4444444444444444,0.1951219512195122,0.03125,True,False,9
translation (48),rise-and-fall masked,heart,0.125,0.4444444444444444,0.1951219512195122,0.0,True,True,9
translation (48),rise-and-fall,hand,0.03125,0.08333333333333333,0.045454545454545456,0.0,True,True,12
translation (48),rise-and-fall masked,hand,0.03125,0.08333333333333333,0.045454545454545456,0.0,True,True,12
translation (48),rise-and-fall,star,0.15625,0.38461538461538464,0.22222222222222224,0.0,True,True,13
translation (48),rise-and-fall masked,star,0.15625,0.38461538461538464,0.22222222222222224,0.0,True,True,13
translation (48),rise-and-fall,cloud,0.15625,0.5555555555555556,0.24390243902439024,0.0,True,True,9
translation (48),rise-and-fall masked,cloud,0.15625,0.5555555555555556,0.24390243902439024,0.0,True,True,9
translation (48),rise-and-fall,bag,0.09375,0.5,0.15789473684210525,0.0,True,True,6
translation (48),rise-and-fall masked,bag,0.09375,0.5,0.15789473684210525,0.0,True,True,6
translation (48),rise-and-fall,mouth,0.09375,0.5,0.15789473684210525,0.0,True,True,6
translation (48),rise-and-fall masked,mouth,0.09375,0.5,0.15789473684210525,0.0,True,True,6
translation (48),rise-and-fall,soil,0.09375,0.6,0.16216216216216214,0.0,True,True,5
translation (48),rise-and-fall masked,soil,0.09375,0.6,0.16216216216216214,0.0,True,True,5
translation (48),rise-and-fall,mountain,0.0,0.0,0.0,0.0,False,False,10
translation (48),rise-and-fall masked,mountain,0.0,0.0,0.0,0.0,False,False,10
translation (48),rise-and-fall,heart,0.125,0.4444444444444444,0.1951219512195122,0.0,True,True,9
translation (48),rise-and-fall masked,heart,0.125,0.4444444444444444,0.1951219512195122,0.0,True,True,9
translation (48),rise-and-fall,hand,0.09375,0.25,0.13636363636363635,0.0,True,True,12
translation (48),rise-and-fall masked,hand,0.09375,0.25,0.13636363636363635,0.0,True,True,12
translation (48),rise-and-fall,star,0.15625,0.38461538461538464,0.22222222222222224,0.0,True,True,13
translation (48),rise-and-fall masked,star,0.15625,0.38461538461538464,0.22222222222222224,0.0,True,True,13
translation (48),rise-and-fall,book,0.125,0.4,0.19047619047619047,0.0,True,True,10
translation (48),rise-and-fall masked,book,0.125,0.4,0.19047619047619047,0.0,True,True,10
translation (48),rise-and-fall,cloud,0.15625,0.5555555555555556,0.24390243902439024,0.0,True,True,9
translation (48),rise-and-fall masked,cloud,0.15625,0.5555555555555556,0.24390243902439024,0.0,True,True,9
translation (48),rise-and-fall,bag,0.03125,0.16666666666666666,0.05263157894736842,0.0,True,True,6
translation (48),rise-and-fall masked,bag,0.03125,0.16666666666666666,0.05263157894736842,0.0,True,True,6
translation (48),rise-and-fall,mouth,0.125,0.6666666666666666,0.21052631578947367,0.0,True,True,6
translation (48),rise-and-fall masked,mouth,0.125,0.6666666666666666,0.21052631578947367,0.0,True,True,6
translation (48),rise-and-fall,soil,0.0625,0.4,0.10810810810810811,0.0,True,True,5
translation (48),rise-and-fall masked,soil,0.0625,0.4,0.10810810810810811,0.0,True,True,5
translation (48),rise-and-fall,mountain,0.0,0.0,0.0,0.0,False,False,10
translation (48),rise-and-fall masked,mountain,0.0,0.0,0.0,0.0,False,False,10
translation (48),rise-and-fall,heart,0.125,0.4444444444444444,0.1951219512195122,0.03125,True,False,9
translation (48),rise-and-fall masked,heart,0.125,0.4444444444444444,0.1951219512195122,0.0,True,True,9
translation (48),rise-and-fall,star,0.15625,0.38461538461538464,0.22222222222222224,0.03125,True,False,13
translation (48),rise-and-fall masked,star,0.15625,0.38461538461538464,0.22222222222222224,0.03125,True,False,13
translation (48),rise-and-fall,book,0.09375,0.3,0.14285714285714285,0.0,True,True,10
translation (48),rise-and-fall masked,book,0.09375,0.3,0.14285714285714285,0.0,True,True,10
translation (48),rise-and-fall,cloud,0.125,0.4444444444444444,0.1951219512195122,0.0,True,True,9
translation (48),rise-and-fall masked,cloud,0.125,0.4444444444444444,0.1951219512195122,0.0,True,True,9
translation (48),rise-and-fall,bag,0.125,0.6666666666666666,0.21052631578947367,0.0,True,True,6
translation (48),rise-and-fall masked,bag,0.125,0.6666666666666666,0.21052631578947367,0.0,True,True,6
translation (48),rise-and-fall,mouth,0.125,0.6666666666666666,0.21052631578947367,0.0,True,True,6
translation (48),rise-and-fall masked,mouth,0.125,0.6666666666666666,0.21052631578947367,0.0,True,True,6
translation (48),rise-and-fall,soil,0.09375,0.6,0.16216216216216214,0.0,True,True,5
translation (48),rise-and-fall masked,soil,0.09375,0.6,0.16216216216216214,0.0,True,True,5
translation (48),rise-and-fall,mountain,0.0,0.0,0.0,0.0,False,False,10
translation (48),rise-and-fall masked,mountain,0.0,0.0,0.0,0.0,False,False,10
translation (48),rise-and-fall,heart,0.09375,0.3333333333333333,0.14634146341463417,0.0,True,True,9
translation (48),rise-and-fall masked,heart,0.09375,0.3333333333333333,0.14634146341463417,0.0,True,True,9
translation (48),rise-and-fall,star,0.15625,0.38461538461538464,0.22222222222222224,0.0,True,True,13
translation (48),rise-and-fall masked,star,0.15625,0.38461538461538464,0.22222222222222224,0.0,True,True,13
translation (48),rise-and-fall,cloud,0.15625,0.5555555555555556,0.24390243902439024,0.0,True,True,9
translation (48),rise-and-fall masked,cloud,0.15625,0.5555555555555556,0.24390243902439024,0.0,True,True,9
translation (48),rise-and-fall,bag,0.125,0.6666666666666666,0.21052631578947367,0.0,True,True,6
translation (48),rise-and-fall masked,bag,0.125,0.6666666666666666,0.21052631578947367,0.0,True,True,6
translation (48),rise-and-fall,mouth,0.125,0.6666666666666666,0.21052631578947367,0.0,True,True,6
translation (48),rise-and-fall masked,mouth,0.125,0.6666666666666666,0.21052631578947367,0.0,True,True,6
translation (48),rise-and-fall,soil,0.0625,0.4,0.10810810810810811,0.0,True,True,5
translation (48),rise-and-fall masked,soil,0.0625,0.4,0.10810810810810811,0.0,True,True,5
translation (48),rise-and-fall,mountain,0.03125,0.1,0.047619047619047616,0.0,True,True,10
translation (48),rise-and-fall masked,mountain,0.03125,0.1,0.047619047619047616,0.0,True,True,10
translation (48),rise-and-fall,heart,0.09375,0.3333333333333333,0.14634146341463417,0.0,True,True,9
translation (48),rise-and-fall masked,heart,0.09375,0.3333333333333333,0.14634146341463417,0.0,True,True,9
translation (48),rise-and-fall,day,0.1875,0.75,0.3,0.0,True,True,8
translation (48),rise-and-fall masked,day,0.1875,0.75,0.3,0.0,True,True,8
translation (48),rise-and-fall,star,0.15625,0.38461538461538464,0.22222222222222224,0.0,True,True,13
translation (48),rise-and-fall masked,star,0.15625,0.38461538461538464,0.22222222222222224,0.0,True,True,13
